archivo_nombre,fuente,ruta_maestra,gps,carpeta_donde_esta
1.jpg,LIVE,C:\Users\santi\OneDrive - Bicicultura\Haroldo_Live\1.jpg,NO,C:\PROYECTOS\Atlas\HaroldoHorta\vivevolandonomade\fotos
10.jpg,LIVE,C:\Users\santi\OneDrive - Bicicultura\Haroldo_Live\10.jpg,NO,C:\PROYECTOS\Atlas\HaroldoHorta\vivevolandonomade\fotos
2.jpg,LIVE,C:\Users\santi\OneDrive - Bicicultura\Haroldo_Live\2.jpg,NO,C:\PROYECTOS\Atlas\HaroldoHorta\vivevolandonomade\fotos
3.jpg,LIVE,C:\Users\santi\OneDrive - Bicicultura\Haroldo_Live\3.jpg,NO,C:\PROYECTOS\Atlas\HaroldoHorta\vivevolandonomade\fotos
6.jpg,LIVE,C:\Users\santi\OneDrive - Bicicultura\Haroldo_Live\6.jpg,NO,C:\PROYECTOS\Atlas\HaroldoHorta\vivevolandonomade\fotos
8.jpg,LIVE,C:\Users\santi\OneDrive - Bicicultura\Haroldo_Live\8.jpg,NO,C:\PROYECTOS\Atlas\HaroldoHorta\vivevolandonomade\fotos
DSC_1843.jpg,LIVE,C:\Users\santi\OneDrive - Bicicultura\Haroldo_Live\DSC_1843.jpg,NO,C:\PROYECTOS\Atlas\HaroldoHorta\vivevolandonomade\Para web Santiago
DSC_1847.jpg,LIVE,C:\Users\santi\OneDrive - Bicicultura\Haroldo_Live\DSC_1847.jpg,NO,C:\PROYECTOS\Atlas\HaroldoHorta\vivevolandonomade\Para web Santiago
_MGD7517.JPG,LIVE,C:\Users\santi\OneDrive - Bicicultura\Haroldo_Live\_MGD7517.JPG,NO,C:\PROYECTOS\Atlas\HaroldoHorta\vivevolandonomade\Para web Santiago\America\Argentina
_MGD7197.JPG,LIVE,C:\Users\santi\OneDrive - Bicicultura\Haroldo_Live\_MGD7197.JPG,NO,C:\PROYECTOS\Atlas\HaroldoHorta\vivevolandonomade\Para web Santiago\America\Colombia Medellin
_MGD7216.JPG,LIVE,C:\Users\santi\OneDrive - Bicicultura\Haroldo_Live\_MGD7216.JPG,NO,C:\PROYECTOS\Atlas\HaroldoHorta\vivevolandonomade\Para web Santiago\America\Colombia Medellin
_HHT5212.jpg,LIVE,C:\Users\santi\OneDrive - Bicicultura\Haroldo_Live\_HHT5212.JPG,NO,C:\PROYECTOS\Atlas\HaroldoHorta\vivevolandonomade\Para web Santiago\America\Haitianos
_HHT5237.jpg,LIVE,C:\Users\santi\OneDrive - Bicicultura\Haroldo_Live\_HHT5237.JPG,NO,C:\PROYECTOS\Atlas\HaroldoHorta\vivevolandonomade\Para web Santiago\America\Haitianos
_HHT5251.jpg,LIVE,C:\Users\santi\OneDrive - Bicicultura\Haroldo_Live\_HHT5251.JPG,NO,C:\PROYECTOS\Atlas\HaroldoHorta\vivevolandonomade\Para web Santiago\America\Haitianos
_HHT5256.jpg,LIVE,C:\Users\santi\OneDrive - Bicicultura\Haroldo_Live\_HHT5256.JPG,NO,C:\PROYECTOS\Atlas\HaroldoHorta\vivevolandonomade\Para web Santiago\America\Haitianos
_HHT5269.jpg,LIVE,C:\Users\santi\OneDrive - Bicicultura\Haroldo_Live\_HHT5269.JPG,NO,C:\PROYECTOS\Atlas\HaroldoHorta\vivevolandonomade\Para web Santiago\America\Haitianos
_HHT5391.jpg,LIVE,C:\Users\santi\OneDrive - Bicicultura\Haroldo_Live\_HHT5391.JPG,NO,C:\PROYECTOS\Atlas\HaroldoHorta\vivevolandonomade\Para web Santiago\America\Haitianos
_HHT5402.jpg,LIVE,C:\Users\santi\OneDrive - Bicicultura\Haroldo_Live\_HHT5402.JPG,NO,C:\PROYECTOS\Atlas\HaroldoHorta\vivevolandonomade\Para web Santiago\America\Haitianos
_HHT5454.jpg,LIVE,C:\Users\santi\OneDrive - Bicicultura\Haroldo_Live\_HHT5454.JPG,NO,C:\PROYECTOS\Atlas\HaroldoHorta\vivevolandonomade\Para web Santiago\America\Haitianos
_HHT5459.jpg,LIVE,C:\Users\santi\OneDrive - Bicicultura\Haroldo_Live\_HHT5459.JPG,NO,C:\PROYECTOS\Atlas\HaroldoHorta\vivevolandonomade\Para web Santiago\America\Haitianos
_HHT5494.jpg,LIVE,C:\Users\santi\OneDrive - Bicicultura\Haroldo_Live\_HHT5494.JPG,NO,C:\PROYECTOS\Atlas\HaroldoHorta\vivevolandonomade\Para web Santiago\America\Haitianos
_HHT5560.jpg,LIVE,C:\Users\santi\OneDrive - Bicicultura\Haroldo_Live\_HHT5560.JPG,NO,C:\PROYECTOS\Atlas\HaroldoHorta\vivevolandonomade\Para web Santiago\America\Haitianos
_HHT5588.jpg,LIVE,C:\Users\santi\OneDrive - Bicicultura\Haroldo_Live\_HHT5588.JPG,NO,C:\PROYECTOS\Atlas\HaroldoHorta\vivevolandonomade\Para web Santiago\America\Haitianos
_HHT5594.jpg,LIVE,C:\Users\santi\OneDrive - Bicicultura\Haroldo_Live\_HHT5594.JPG,NO,C:\PROYECTOS\Atlas\HaroldoHorta\vivevolandonomade\Para web Santiago\America\Haitianos
_HHT5638.jpg,LIVE,C:\Users\santi\OneDrive - Bicicultura\Haroldo_Live\_HHT5638.JPG,NO,C:\PROYECTOS\Atlas\HaroldoHorta\vivevolandonomade\Para web Santiago\America\Haitianos
_HHT5670.jpg,LIVE,C:\Users\santi\OneDrive - Bicicultura\Haroldo_Live\_HHT5670.JPG,NO,C:\PROYECTOS\Atlas\HaroldoHorta\vivevolandonomade\Para web Santiago\America\Haitianos
_HHT5692.jpg,LIVE,C:\Users\santi\OneDrive - Bicicultura\Haroldo_Live\_HHT5692.JPG,NO,C:\PROYECTOS\Atlas\HaroldoHorta\vivevolandonomade\Para web Santiago\America\Haitianos
_HHT5707.jpg,LIVE,C:\Users\santi\OneDrive - Bicicultura\Haroldo_Live\_HHT5707.JPG,NO,C:\PROYECTOS\Atlas\HaroldoHorta\vivevolandonomade\Para web Santiago\America\Haitianos
_HHT5713.jpg,LIVE,C:\Users\santi\OneDrive - Bicicultura\Haroldo_Live\_HHT5713.JPG,NO,C:\PROYECTOS\Atlas\HaroldoHorta\vivevolandonomade\Para web Santiago\America\Haitianos
_HHT5721.jpg,LIVE,C:\Users\santi\OneDrive - Bicicultura\Haroldo_Live\_HHT5721.JPG,NO,C:\PROYECTOS\Atlas\HaroldoHorta\vivevolandonomade\Para web Santiago\America\Haitianos
_HHT5727.jpg,LIVE,C:\Users\santi\OneDrive - Bicicultura\Haroldo_Live\_HHT5727.JPG,NO,C:\PROYECTOS\Atlas\HaroldoHorta\vivevolandonomade\Para web Santiago\America\Haitianos
_HHT5731.jpg,LIVE,C:\Users\santi\OneDrive - Bicicultura\Haroldo_Live\_HHT5731.JPG,NO,C:\PROYECTOS\Atlas\HaroldoHorta\vivevolandonomade\Para web Santiago\America\Haitianos
_HHT5759.jpg,LIVE,C:\Users\santi\OneDrive - Bicicultura\Haroldo_Live\_HHT5759.JPG,NO,C:\PROYECTOS\Atlas\HaroldoHorta\vivevolandonomade\Para web Santiago\America\Haitianos
_HHT5763.jpg,LIVE,C:\Users\santi\OneDrive - Bicicultura\Haroldo_Live\_HHT5763.JPG,NO,C:\PROYECTOS\Atlas\HaroldoHorta\vivevolandonomade\Para web Santiago\America\Haitianos
_HHT5767.jpg,LIVE,C:\Users\santi\OneDrive - Bicicultura\Haroldo_Live\_HHT5767.JPG,NO,C:\PROYECTOS\Atlas\HaroldoHorta\vivevolandonomade\Para web Santiago\America\Haitianos
_HHT5771.jpg,LIVE,C:\Users\santi\OneDrive - Bicicultura\Haroldo_Live\_HHT5771.JPG,NO,C:\PROYECTOS\Atlas\HaroldoHorta\vivevolandonomade\Para web Santiago\America\Haitianos
_HHT5810.jpg,LIVE,C:\Users\santi\OneDrive - Bicicultura\Haroldo_Live\_HHT5810.JPG,NO,C:\PROYECTOS\Atlas\HaroldoHorta\vivevolandonomade\Para web Santiago\America\Haitianos
_HHT5823.jpg,LIVE,C:\Users\santi\OneDrive - Bicicultura\Haroldo_Live\_HHT5823.JPG,NO,C:\PROYECTOS\Atlas\HaroldoHorta\vivevolandonomade\Para web Santiago\America\Haitianos
_HHT5848.jpg,LIVE,C:\Users\santi\OneDrive - Bicicultura\Haroldo_Live\_HHT5848.JPG,NO,C:\PROYECTOS\Atlas\HaroldoHorta\vivevolandonomade\Para web Santiago\America\Haitianos
_HHT5866.jpg,LIVE,C:\Users\santi\OneDrive - Bicicultura\Haroldo_Live\_HHT5866.JPG,NO,C:\PROYECTOS\Atlas\HaroldoHorta\vivevolandonomade\Para web Santiago\America\Haitianos
_HHT5871.jpg,LIVE,C:\Users\santi\OneDrive - Bicicultura\Haroldo_Live\_HHT5871.JPG,NO,C:\PROYECTOS\Atlas\HaroldoHorta\vivevolandonomade\Para web Santiago\America\Haitianos
_HHT5877.jpg,LIVE,C:\Users\santi\OneDrive - Bicicultura\Haroldo_Live\_HHT5877.JPG,NO,C:\PROYECTOS\Atlas\HaroldoHorta\vivevolandonomade\Para web Santiago\America\Haitianos
_HHT5928.jpg,LIVE,C:\Users\santi\OneDrive - Bicicultura\Haroldo_Live\_HHT5928.JPG,NO,C:\PROYECTOS\Atlas\HaroldoHorta\vivevolandonomade\Para web Santiago\America\Haitianos
_HHT5933.jpg,LIVE,C:\Users\santi\OneDrive - Bicicultura\Haroldo_Live\_HHT5933.JPG,NO,C:\PROYECTOS\Atlas\HaroldoHorta\vivevolandonomade\Para web Santiago\America\Haitianos
_HHT5937.jpg,LIVE,C:\Users\santi\OneDrive - Bicicultura\Haroldo_Live\_HHT5937.JPG,NO,C:\PROYECTOS\Atlas\HaroldoHorta\vivevolandonomade\Para web Santiago\America\Haitianos
_HHT5938.jpg,LIVE,C:\Users\santi\OneDrive - Bicicultura\Haroldo_Live\_HHT5938.JPG,NO,C:\PROYECTOS\Atlas\HaroldoHorta\vivevolandonomade\Para web Santiago\America\Haitianos
_HHT5960.jpg,LIVE,C:\Users\santi\OneDrive - Bicicultura\Haroldo_Live\_HHT5960.jpg,NO,C:\PROYECTOS\Atlas\HaroldoHorta\vivevolandonomade\Para web Santiago\America\Haitianos
_HHT5971.jpg,LIVE,C:\Users\santi\OneDrive - Bicicultura\Haroldo_Live\_HHT5971.jpg,NO,C:\PROYECTOS\Atlas\HaroldoHorta\vivevolandonomade\Para web Santiago\America\Haitianos
14022012-pinguino.jpg,LIVE,C:\Users\santi\OneDrive - Bicicultura\Haroldo_Live\14022012-pinguino.jpg,NO,C:\PROYECTOS\Atlas\HaroldoHorta\vivevolandonomade\Para web Santiago\Antartica
Base Tokio doble paguina.jpg,LIVE,C:\Users\santi\OneDrive - Bicicultura\Haroldo_Live\Base Tokio doble paguina.jpg,NO,C:\PROYECTOS\Atlas\HaroldoHorta\vivevolandonomade\Para web Santiago\Base Tokio
Buckeye-emb.II.jpg,LIVE,C:\Users\santi\OneDrive - Bicicultura\Haroldo_Live\Buckeye-emb.II.jpg,NO,C:\PROYECTOS\Atlas\HaroldoHorta\vivevolandonomade\Para web Santiago\Base Tokio
Doble-pagina-Embajada.jpg,LIVE,C:\Users\santi\OneDrive - Bicicultura\Haroldo_Live\Doble-pagina-Embajada.jpg,NO,C:\PROYECTOS\Atlas\HaroldoHorta\vivevolandonomade\Para web Santiago\Base Tokio
Embajada ala mano.jpg,LIVE,C:\Users\santi\OneDrive - Bicicultura\Haroldo_Live\Embajada ala mano.jpg,NO,C:\PROYECTOS\Atlas\HaroldoHorta\vivevolandonomade\Para web Santiago\Base Tokio
Embajada-fuego 2.jpg,LIVE,C:\Users\santi\OneDrive - Bicicultura\Haroldo_Live\Embajada-fuego 2.jpg,NO,C:\PROYECTOS\Atlas\HaroldoHorta\vivevolandonomade\Para web Santiago\Base Tokio
Desnudos.jpg,LIVE,C:\Users\santi\OneDrive - Bicicultura\Haroldo_Live\Desnudos.jpg,NO,C:\PROYECTOS\Atlas\HaroldoHorta\vivevolandonomade\Para web Santiago\Correcciones Paguina web
HHT_1623-Editar.jpg,LIVE,C:\Users\santi\OneDrive - Bicicultura\Haroldo_Live\HHT_1623-Editar.jpg,NO,C:\PROYECTOS\Atlas\HaroldoHorta\vivevolandonomade\Para web Santiago\Correcciones Paguina web
IMG_4251.jpg,LIVE,C:\Users\santi\OneDrive - Bicicultura\Haroldo_Live\IMG_4251.jpg,NO,C:\PROYECTOS\Atlas\HaroldoHorta\vivevolandonomade\Para web Santiago\Correcciones Paguina web
_SKR5766-Editar.jpg,LIVE,C:\Users\santi\OneDrive - Bicicultura\Haroldo_Live\_SKR5766-Editar.jpg,NO,C:\PROYECTOS\Atlas\HaroldoHorta\vivevolandonomade\Para web Santiago\Correcciones Paguina web
DSC_3631-Editar.jpg,LIVE,C:\Users\santi\OneDrive - Bicicultura\Haroldo_Live\DSC_3631-Editar.jpg,NO,C:\PROYECTOS\Atlas\HaroldoHorta\vivevolandonomade\Para web Santiago\Correcciones Paguina web\Cejar
_HHT7701.jpg,LIVE,C:\Users\santi\OneDrive - Bicicultura\Haroldo_Live\_HHT7701.JPG,NO,C:\PROYECTOS\Atlas\HaroldoHorta\vivevolandonomade\Para web Santiago\Correcciones Paguina web\Cejar
6x7crist.jpg,LIVE,C:\Users\santi\OneDrive - Bicicultura\Haroldo_Live\6x7crist.jpg,NO,C:\PROYECTOS\Atlas\HaroldoHorta\vivevolandonomade\Para web Santiago\Correcciones Paguina web\Desnudos\Desnudo Familiar\Libro
Cazares color.jpg,LIVE,C:\Users\santi\OneDrive - Bicicultura\Haroldo_Live\Cazares color.jpg,NO,C:\PROYECTOS\Atlas\HaroldoHorta\vivevolandonomade\Para web Santiago\Correcciones Paguina web\Desnudos\Desnudo Familiar\Libro
Crist hotel.jpg,LIVE,C:\Users\santi\OneDrive - Bicicultura\Haroldo_Live\Crist hotel.jpg,NO,C:\PROYECTOS\Atlas\HaroldoHorta\vivevolandonomade\Para web Santiago\Correcciones Paguina web\Desnudos\Desnudo Familiar\Libro
Crist y santiago.jpg,LIVE,C:\Users\santi\OneDrive - Bicicultura\Haroldo_Live\Crist y santiago.jpg,NO,C:\PROYECTOS\Atlas\HaroldoHorta\vivevolandonomade\Para web Santiago\Correcciones Paguina web\Desnudos\Desnudo Familiar\Libro
Cristina Cazares.jpg,LIVE,C:\Users\santi\OneDrive - Bicicultura\Haroldo_Live\Cristina Cazares.jpg,NO,C:\PROYECTOS\Atlas\HaroldoHorta\vivevolandonomade\Para web Santiago\Correcciones Paguina web\Desnudos\Desnudo Familiar\Libro
des-3.jpg,LIVE,C:\Users\santi\OneDrive - Bicicultura\Haroldo_Live\des-3.jpg,NO,C:\PROYECTOS\Atlas\HaroldoHorta\vivevolandonomade\Para web Santiago\Correcciones Paguina web\Desnudos\Desnudo Familiar\Libro
des-4.jpg,LIVE,C:\Users\santi\OneDrive - Bicicultura\Haroldo_Live\des-4.jpg,NO,C:\PROYECTOS\Atlas\HaroldoHorta\vivevolandonomade\Para web Santiago\Correcciones Paguina web\Desnudos\Desnudo Familiar\Libro
des-5.jpg,LIVE,C:\Users\santi\OneDrive - Bicicultura\Haroldo_Live\des-5.jpg,NO,C:\PROYECTOS\Atlas\HaroldoHorta\vivevolandonomade\Para web Santiago\Correcciones Paguina web\Desnudos\Desnudo Familiar\Libro
des-6.jpg,LIVE,C:\Users\santi\OneDrive - Bicicultura\Haroldo_Live\des-6.jpg,NO,C:\PROYECTOS\Atlas\HaroldoHorta\vivevolandonomade\Para web Santiago\Correcciones Paguina web\Desnudos\Desnudo Familiar\Libro
Desnudo Familiar-1.jpg,LIVE,C:\Users\santi\OneDrive - Bicicultura\Haroldo_Live\Desnudo Familiar-1.jpg,NO,C:\PROYECTOS\Atlas\HaroldoHorta\vivevolandonomade\Para web Santiago\Correcciones Paguina web\Desnudos\Desnudo Familiar\Libro
Desnudo Familiar-2.jpg,LIVE,C:\Users\santi\OneDrive - Bicicultura\Haroldo_Live\Desnudo Familiar-2.jpg,NO,C:\PROYECTOS\Atlas\HaroldoHorta\vivevolandonomade\Para web Santiago\Correcciones Paguina web\Desnudos\Desnudo Familiar\Libro
desnudo familiar-3.jpg,LIVE,C:\Users\santi\OneDrive - Bicicultura\Haroldo_Live\desnudo familiar-3.jpg,NO,C:\PROYECTOS\Atlas\HaroldoHorta\vivevolandonomade\Para web Santiago\Correcciones Paguina web\Desnudos\Desnudo Familiar\Libro
orgasmo marino.jpg,LIVE,C:\Users\santi\OneDrive - Bicicultura\Haroldo_Live\orgasmo marino.jpg,NO,C:\PROYECTOS\Atlas\HaroldoHorta\vivevolandonomade\Para web Santiago\Correcciones Paguina web\Desnudos\Desnudo Familiar\Libro
Seleccion.jpg,LIVE,C:\Users\santi\OneDrive - Bicicultura\Haroldo_Live\Seleccion.jpg,NO,C:\PROYECTOS\Atlas\HaroldoHorta\vivevolandonomade\Para web Santiago\Correcciones Paguina web\Desnudos\Desnudo Familiar\Libro
Sin-título-5.jpg,LIVE,C:\Users\santi\OneDrive - Bicicultura\Haroldo_Live\Sin-título-5.jpg,NO,C:\PROYECTOS\Atlas\HaroldoHorta\vivevolandonomade\Para web Santiago\Correcciones Paguina web\Desnudos\Desnudo Familiar\Libro
desnudo1.jpg,LIVE,C:\Users\santi\OneDrive - Bicicultura\Haroldo_Live\desnudo1.jpg,NO,C:\PROYECTOS\Atlas\HaroldoHorta\vivevolandonomade\Para web Santiago\Correcciones Paguina web\Galerias\Desnudo Limary\Horizontales
_HHT2102.jpg,LIVE,C:\Users\santi\OneDrive - Bicicultura\Haroldo_Live\_HHT2102.jpg,NO,C:\PROYECTOS\Atlas\HaroldoHorta\vivevolandonomade\Para web Santiago\Correcciones Paguina web\Galerias\Desnudo Limary\Horizontales
_HHT2238.jpg,LIVE,C:\Users\santi\OneDrive - Bicicultura\Haroldo_Live\_HHT2238.jpg,NO,C:\PROYECTOS\Atlas\HaroldoHorta\vivevolandonomade\Para web Santiago\Correcciones Paguina web\Galerias\Desnudo Limary\Horizontales
_HHT2279.jpg,LIVE,C:\Users\santi\OneDrive - Bicicultura\Haroldo_Live\_HHT2279.jpg,NO,C:\PROYECTOS\Atlas\HaroldoHorta\vivevolandonomade\Para web Santiago\Correcciones Paguina web\Galerias\Desnudo Limary\Horizontales
_HHT2343.jpg,LIVE,C:\Users\santi\OneDrive - Bicicultura\Haroldo_Live\_HHT2343.jpg,NO,C:\PROYECTOS\Atlas\HaroldoHorta\vivevolandonomade\Para web Santiago\Correcciones Paguina web\Galerias\Desnudo Limary\Horizontales
_HHT2454.jpg,LIVE,C:\Users\santi\OneDrive - Bicicultura\Haroldo_Live\_HHT2454.jpg,NO,C:\PROYECTOS\Atlas\HaroldoHorta\vivevolandonomade\Para web Santiago\Correcciones Paguina web\Galerias\Desnudo Limary\Horizontales
_HHT2580.jpg,LIVE,C:\Users\santi\OneDrive - Bicicultura\Haroldo_Live\_HHT2580.jpg,NO,C:\PROYECTOS\Atlas\HaroldoHorta\vivevolandonomade\Para web Santiago\Correcciones Paguina web\Galerias\Desnudo Limary\Horizontales
_HHT2678.jpg,LIVE,C:\Users\santi\OneDrive - Bicicultura\Haroldo_Live\_HHT2678.jpg,NO,C:\PROYECTOS\Atlas\HaroldoHorta\vivevolandonomade\Para web Santiago\Correcciones Paguina web\Galerias\Desnudo Limary\Horizontales
_HHT2686.jpg,LIVE,C:\Users\santi\OneDrive - Bicicultura\Haroldo_Live\_HHT2686.jpg,NO,C:\PROYECTOS\Atlas\HaroldoHorta\vivevolandonomade\Para web Santiago\Correcciones Paguina web\Galerias\Desnudo Limary\Horizontales
_HHT3209-Editar.jpg,LIVE,C:\Users\santi\OneDrive - Bicicultura\Haroldo_Live\_HHT3209-Editar.jpg,NO,C:\PROYECTOS\Atlas\HaroldoHorta\vivevolandonomade\Para web Santiago\Correcciones Paguina web\Galerias\Desnudo Limary\Horizontales
_HHT3325-Editar.jpg,LIVE,C:\Users\santi\OneDrive - Bicicultura\Haroldo_Live\_HHT3325-Editar.jpg,NO,C:\PROYECTOS\Atlas\HaroldoHorta\vivevolandonomade\Para web Santiago\Correcciones Paguina web\Galerias\Desnudo Limary\Horizontales
_HHT3332-Editar.jpg,LIVE,C:\Users\santi\OneDrive - Bicicultura\Haroldo_Live\_HHT3332-Editar.jpg,NO,C:\PROYECTOS\Atlas\HaroldoHorta\vivevolandonomade\Para web Santiago\Correcciones Paguina web\Galerias\Desnudo Limary\Horizontales
_HHT3345-Editar-2.jpg,LIVE,C:\Users\santi\OneDrive - Bicicultura\Haroldo_Live\_HHT3345-Editar-2.jpg,NO,C:\PROYECTOS\Atlas\HaroldoHorta\vivevolandonomade\Para web Santiago\Correcciones Paguina web\Galerias\Desnudo Limary\Horizontales
_HHT3349-Editar.jpg,LIVE,C:\Users\santi\OneDrive - Bicicultura\Haroldo_Live\_HHT3349-Editar.jpg,NO,C:\PROYECTOS\Atlas\HaroldoHorta\vivevolandonomade\Para web Santiago\Correcciones Paguina web\Galerias\Desnudo Limary\Horizontales
_HHT3383.jpg,LIVE,C:\Users\santi\OneDrive - Bicicultura\Haroldo_Live\_HHT3383.jpg,NO,C:\PROYECTOS\Atlas\HaroldoHorta\vivevolandonomade\Para web Santiago\Correcciones Paguina web\Galerias\Desnudo Limary\Horizontales
_HHT3423.jpg,LIVE,C:\Users\santi\OneDrive - Bicicultura\Haroldo_Live\_HHT3423.jpg,NO,C:\PROYECTOS\Atlas\HaroldoHorta\vivevolandonomade\Para web Santiago\Correcciones Paguina web\Galerias\Desnudo Limary\Horizontales
_HHT3437-Editar.jpg,LIVE,C:\Users\santi\OneDrive - Bicicultura\Haroldo_Live\_HHT3437-Editar.jpg,NO,C:\PROYECTOS\Atlas\HaroldoHorta\vivevolandonomade\Para web Santiago\Correcciones Paguina web\Galerias\Desnudo Limary\Horizontales
_HHT3457 copia.jpg,LIVE,C:\Users\santi\OneDrive - Bicicultura\Haroldo_Live\_HHT3457 copia.jpg,NO,C:\PROYECTOS\Atlas\HaroldoHorta\vivevolandonomade\Para web Santiago\Correcciones Paguina web\Galerias\Desnudo Limary\Horizontales
_HHT5495-Editar.jpg,LIVE,C:\Users\santi\OneDrive - Bicicultura\Haroldo_Live\_HHT5495-Editar.jpg,NO,C:\PROYECTOS\Atlas\HaroldoHorta\vivevolandonomade\Para web Santiago\Correcciones Paguina web\Galerias\Desnudo Limary\Horizontales
_HHT5499-Editar.jpg,LIVE,C:\Users\santi\OneDrive - Bicicultura\Haroldo_Live\_HHT5499-Editar.jpg,NO,C:\PROYECTOS\Atlas\HaroldoHorta\vivevolandonomade\Para web Santiago\Correcciones Paguina web\Galerias\Desnudo Limary\Horizontales
_HHT6011.jpg,LIVE,C:\Users\santi\OneDrive - Bicicultura\Haroldo_Live\_HHT6011.jpg,NO,C:\PROYECTOS\Atlas\HaroldoHorta\vivevolandonomade\Para web Santiago\Correcciones Paguina web\Galerias\Desnudo Limary\Horizontales
_HHT6031.jpg,LIVE,C:\Users\santi\OneDrive - Bicicultura\Haroldo_Live\_HHT6031.jpg,NO,C:\PROYECTOS\Atlas\HaroldoHorta\vivevolandonomade\Para web Santiago\Correcciones Paguina web\Galerias\Desnudo Limary\Horizontales
_HHT6546.jpg,LIVE,C:\Users\santi\OneDrive - Bicicultura\Haroldo_Live\_HHT6546.JPG,NO,C:\PROYECTOS\Atlas\HaroldoHorta\vivevolandonomade\Para web Santiago\Correcciones Paguina web\Galerias\Desnudo Limary\Horizontales
_HHT6579.jpg,LIVE,C:\Users\santi\OneDrive - Bicicultura\Haroldo_Live\_HHT6579.JPG,NO,C:\PROYECTOS\Atlas\HaroldoHorta\vivevolandonomade\Para web Santiago\Correcciones Paguina web\Galerias\Desnudo Limary\Horizontales
_HHT1485.jpg,LIVE,C:\Users\santi\OneDrive - Bicicultura\Haroldo_Live\_HHT1485.JPG,NO,C:\PROYECTOS\Atlas\HaroldoHorta\vivevolandonomade\Para web Santiago\Correcciones Paguina web\Galerias\Desnudo Limary\Nueva carpeta
_HHT2045.jpg,LIVE,C:\Users\santi\OneDrive - Bicicultura\Haroldo_Live\_HHT2045.JPG,NO,C:\PROYECTOS\Atlas\HaroldoHorta\vivevolandonomade\Para web Santiago\Correcciones Paguina web\Galerias\Desnudo Limary\Nueva carpeta
_HHT2077.jpg,LIVE,C:\Users\santi\OneDrive - Bicicultura\Haroldo_Live\_HHT2077.jpg,NO,C:\PROYECTOS\Atlas\HaroldoHorta\vivevolandonomade\Para web Santiago\Correcciones Paguina web\Galerias\Desnudo Limary\Nueva carpeta
_HHT2081.jpg,LIVE,C:\Users\santi\OneDrive - Bicicultura\Haroldo_Live\_HHT2081.jpg,NO,C:\PROYECTOS\Atlas\HaroldoHorta\vivevolandonomade\Para web Santiago\Correcciones Paguina web\Galerias\Desnudo Limary\Nueva carpeta
_HHT2110.jpg,LIVE,C:\Users\santi\OneDrive - Bicicultura\Haroldo_Live\_HHT2110.JPG,NO,C:\PROYECTOS\Atlas\HaroldoHorta\vivevolandonomade\Para web Santiago\Correcciones Paguina web\Galerias\Desnudo Limary\Nueva carpeta
_HHT2118.jpg,LIVE,C:\Users\santi\OneDrive - Bicicultura\Haroldo_Live\_HHT2118.JPG,NO,C:\PROYECTOS\Atlas\HaroldoHorta\vivevolandonomade\Para web Santiago\Correcciones Paguina web\Galerias\Desnudo Limary\Nueva carpeta
_HHT2185.jpg,LIVE,C:\Users\santi\OneDrive - Bicicultura\Haroldo_Live\_HHT2185.jpg,NO,C:\PROYECTOS\Atlas\HaroldoHorta\vivevolandonomade\Para web Santiago\Correcciones Paguina web\Galerias\Desnudo Limary\Nueva carpeta
_HHT2195.jpg,LIVE,C:\Users\santi\OneDrive - Bicicultura\Haroldo_Live\_HHT2195.jpg,NO,C:\PROYECTOS\Atlas\HaroldoHorta\vivevolandonomade\Para web Santiago\Correcciones Paguina web\Galerias\Desnudo Limary\Nueva carpeta
_HHT2275.jpg,LIVE,C:\Users\santi\OneDrive - Bicicultura\Haroldo_Live\_HHT2275.jpg,NO,C:\PROYECTOS\Atlas\HaroldoHorta\vivevolandonomade\Para web Santiago\Correcciones Paguina web\Galerias\Desnudo Limary\Nueva carpeta
_HHT2349.jpg,LIVE,C:\Users\santi\OneDrive - Bicicultura\Haroldo_Live\_HHT2349.jpg,NO,C:\PROYECTOS\Atlas\HaroldoHorta\vivevolandonomade\Para web Santiago\Correcciones Paguina web\Galerias\Desnudo Limary\Nueva carpeta
_HHT2382.jpg,LIVE,C:\Users\santi\OneDrive - Bicicultura\Haroldo_Live\_HHT2382.jpg,NO,C:\PROYECTOS\Atlas\HaroldoHorta\vivevolandonomade\Para web Santiago\Correcciones Paguina web\Galerias\Desnudo Limary\Nueva carpeta
_HHT2485.jpg,LIVE,C:\Users\santi\OneDrive - Bicicultura\Haroldo_Live\_HHT2485.jpg,NO,C:\PROYECTOS\Atlas\HaroldoHorta\vivevolandonomade\Para web Santiago\Correcciones Paguina web\Galerias\Desnudo Limary\Nueva carpeta
_HHT2629.jpg,LIVE,C:\Users\santi\OneDrive - Bicicultura\Haroldo_Live\_HHT2629.jpg,NO,C:\PROYECTOS\Atlas\HaroldoHorta\vivevolandonomade\Para web Santiago\Correcciones Paguina web\Galerias\Desnudo Limary\Nueva carpeta
_HHT2814.jpg,LIVE,C:\Users\santi\OneDrive - Bicicultura\Haroldo_Live\_HHT2814.jpg,NO,C:\PROYECTOS\Atlas\HaroldoHorta\vivevolandonomade\Para web Santiago\Correcciones Paguina web\Galerias\Desnudo Limary\Nueva carpeta
_HHT3390.jpg,LIVE,C:\Users\santi\OneDrive - Bicicultura\Haroldo_Live\_HHT3390.jpg,NO,C:\PROYECTOS\Atlas\HaroldoHorta\vivevolandonomade\Para web Santiago\Correcciones Paguina web\Galerias\Desnudo Limary\Nueva carpeta
_HHT3443-Editar.jpg,LIVE,C:\Users\santi\OneDrive - Bicicultura\Haroldo_Live\_HHT3443-Editar.jpg,NO,C:\PROYECTOS\Atlas\HaroldoHorta\vivevolandonomade\Para web Santiago\Correcciones Paguina web\Galerias\Desnudo Limary\Nueva carpeta
_HHT6473.jpg,LIVE,C:\Users\santi\OneDrive - Bicicultura\Haroldo_Live\_HHT6473.JPG,NO,C:\PROYECTOS\Atlas\HaroldoHorta\vivevolandonomade\Para web Santiago\Correcciones Paguina web\Galerias\Desnudo Limary\Nueva carpeta
_HHT6486-Editar.jpg,LIVE,C:\Users\santi\OneDrive - Bicicultura\Haroldo_Live\_HHT6486-Editar.jpg,NO,C:\PROYECTOS\Atlas\HaroldoHorta\vivevolandonomade\Para web Santiago\Correcciones Paguina web\Galerias\Desnudo Limary\Nueva carpeta
_HHT6558.jpg,LIVE,C:\Users\santi\OneDrive - Bicicultura\Haroldo_Live\_HHT6558.JPG,NO,C:\PROYECTOS\Atlas\HaroldoHorta\vivevolandonomade\Para web Santiago\Correcciones Paguina web\Galerias\Desnudo Limary\Nueva carpeta
_HHT6594.jpg,LIVE,C:\Users\santi\OneDrive - Bicicultura\Haroldo_Live\_HHT6594.JPG,NO,C:\PROYECTOS\Atlas\HaroldoHorta\vivevolandonomade\Para web Santiago\Correcciones Paguina web\Galerias\Desnudo Limary\Nueva carpeta
DesnudosII.jpg,LIVE,C:\Users\santi\OneDrive - Bicicultura\Haroldo_Live\DesnudosII.jpg,NO,C:\PROYECTOS\Atlas\HaroldoHorta\vivevolandonomade\Para web Santiago\Correcciones Paguina web\Galerias\Libro
DSC_0069.jpg,LIVE,C:\Users\santi\OneDrive - Bicicultura\Haroldo_Live\DSC_0069.jpg,NO,C:\PROYECTOS\Atlas\HaroldoHorta\vivevolandonomade\Para web Santiago\Correcciones Paguina web\Galerias\Libro
DSC_0070.jpg,LIVE,C:\Users\santi\OneDrive - Bicicultura\Haroldo_Live\DSC_0070.jpg,NO,C:\PROYECTOS\Atlas\HaroldoHorta\vivevolandonomade\Para web Santiago\Correcciones Paguina web\Galerias\Libro
DSC_0072.jpg,LIVE,C:\Users\santi\OneDrive - Bicicultura\Haroldo_Live\DSC_0072.jpg,NO,C:\PROYECTOS\Atlas\HaroldoHorta\vivevolandonomade\Para web Santiago\Correcciones Paguina web\Galerias\Libro
escanear0001-copia-Para-WEB.jpg,LIVE,C:\Users\santi\OneDrive - Bicicultura\Haroldo_Live\escanear0001-copia-Para-WEB.jpg,NO,C:\PROYECTOS\Atlas\HaroldoHorta\vivevolandonomade\Para web Santiago\Correcciones Paguina web\Galerias\Libro
Publicacion Mercurio para imprimir.jpg,LIVE,C:\Users\santi\OneDrive - Bicicultura\Haroldo_Live\Publicacion Mercurio para imprimir.jpg,NO,C:\PROYECTOS\Atlas\HaroldoHorta\vivevolandonomade\Para web Santiago\Correcciones Paguina web\Galerias\Libro
Publicaciones Europeas.jpg,LIVE,C:\Users\santi\OneDrive - Bicicultura\Haroldo_Live\Publicaciones Europeas.jpg,NO,C:\PROYECTOS\Atlas\HaroldoHorta\vivevolandonomade\Para web Santiago\Correcciones Paguina web\Galerias\Libro
Publicaciones kactus 2.jpg,LIVE,C:\Users\santi\OneDrive - Bicicultura\Haroldo_Live\Publicaciones kactus 2.jpg,NO,C:\PROYECTOS\Atlas\HaroldoHorta\vivevolandonomade\Para web Santiago\Correcciones Paguina web\Galerias\Libro
Rambo-Fujimori.jpg,LIVE,C:\Users\santi\OneDrive - Bicicultura\Haroldo_Live\Rambo-Fujimori.jpg,NO,C:\PROYECTOS\Atlas\HaroldoHorta\vivevolandonomade\Para web Santiago\Correcciones Paguina web\Galerias\Libro
Sin título-2.jpg,LIVE,C:\Users\santi\OneDrive - Bicicultura\Haroldo_Live\Sin título-2.jpg,NO,C:\PROYECTOS\Atlas\HaroldoHorta\vivevolandonomade\Para web Santiago\Correcciones Paguina web\Galerias\Libro
Stern.jpg,LIVE,C:\Users\santi\OneDrive - Bicicultura\Haroldo_Live\Stern.jpg,NO,C:\PROYECTOS\Atlas\HaroldoHorta\vivevolandonomade\Para web Santiago\Correcciones Paguina web\Galerias\Libro
_DSC1409.jpg,LIVE,C:\Users\santi\OneDrive - Bicicultura\Haroldo_Live\_DSC1409.jpg,NO,C:\PROYECTOS\Atlas\HaroldoHorta\vivevolandonomade\Para web Santiago\Correcciones Paguina web\Galerias\Libro
_HHT6981.jpg,LIVE,C:\Users\santi\OneDrive - Bicicultura\Haroldo_Live\_HHT6981.JPG,NO,C:\PROYECTOS\Atlas\HaroldoHorta\vivevolandonomade\Para web Santiago\Correcciones Paguina web\Galerias\Libro
DSC_3390.jpg,LIVE,C:\Users\santi\OneDrive - Bicicultura\Haroldo_Live\DSC_3390.jpg,NO,C:\PROYECTOS\Atlas\HaroldoHorta\vivevolandonomade\Para web Santiago\Correcciones Paguina web\Laberinto\Valle 760
AtacamaSelección HHT0136.jpg,LIVE,C:\Users\santi\OneDrive - Bicicultura\Haroldo_Live\AtacamaSelección HHT0136.jpg,NO,C:\PROYECTOS\Atlas\HaroldoHorta\vivevolandonomade\Para web Santiago\Correcciones Paguina web\Lagunas altiplanicas
Chile Excepcion PanoramicasComedores Alto Atacama00088.jpg,LIVE,C:\Users\santi\OneDrive - Bicicultura\Haroldo_Live\Chile Excepcion PanoramicasComedores Alto Atacama00088.jpg,NO,C:\PROYECTOS\Atlas\HaroldoHorta\vivevolandonomade\Para web Santiago\Correcciones Paguina web\Resto\Hoteles
IMG_0033.jpg,LIVE,C:\Users\santi\OneDrive - Bicicultura\Haroldo_Live\IMG_0033.jpg,NO,C:\PROYECTOS\Atlas\HaroldoHorta\vivevolandonomade\Para web Santiago\Correcciones Paguina web\Resto\Hoteles
Sin título-1.jpg,LIVE,C:\Users\santi\OneDrive - Bicicultura\Haroldo_Live\Sin título-1.jpg,NO,C:\PROYECTOS\Atlas\HaroldoHorta\vivevolandonomade\Para web Santiago\Correcciones Paguina web\Resto\Hoteles
_DSC0267.jpg,LIVE,C:\Users\santi\OneDrive - Bicicultura\Haroldo_Live\_DSC0267.JPG,NO,C:\PROYECTOS\Atlas\HaroldoHorta\vivevolandonomade\Para web Santiago\Correcciones Paguina web\Resto\Hoteles
_DSC0309.jpg,LIVE,C:\Users\santi\OneDrive - Bicicultura\Haroldo_Live\_DSC0309.JPG,NO,C:\PROYECTOS\Atlas\HaroldoHorta\vivevolandonomade\Para web Santiago\Correcciones Paguina web\Resto\Hoteles
_DSC0311.jpg,LIVE,C:\Users\santi\OneDrive - Bicicultura\Haroldo_Live\_DSC0311.JPG,NO,C:\PROYECTOS\Atlas\HaroldoHorta\vivevolandonomade\Para web Santiago\Correcciones Paguina web\Resto\Hoteles
_DSC0387.jpg,LIVE,C:\Users\santi\OneDrive - Bicicultura\Haroldo_Live\_DSC0387.JPG,NO,C:\PROYECTOS\Atlas\HaroldoHorta\vivevolandonomade\Para web Santiago\Correcciones Paguina web\Resto\Hoteles
Contraluz hélice.jpg,LIVE,C:\Users\santi\OneDrive - Bicicultura\Haroldo_Live\Contraluz hélice.JPG,NO,C:\PROYECTOS\Atlas\HaroldoHorta\vivevolandonomade\Para web Santiago\Correcciones Paguina web\seleccion ultraligero
PORTADA II.jpg,LIVE,C:\Users\santi\OneDrive - Bicicultura\Haroldo_Live\PORTADA II.jpg,NO,C:\PROYECTOS\Atlas\HaroldoHorta\vivevolandonomade\Para web Santiago\Correcciones Paguina web\seleccion ultraligero
sobre Castro.jpg,LIVE,C:\Users\santi\OneDrive - Bicicultura\Haroldo_Live\sobre Castro.jpg,NO,C:\PROYECTOS\Atlas\HaroldoHorta\vivevolandonomade\Para web Santiago\Correcciones Paguina web\seleccion ultraligero
_HHT6801.jpg,LIVE,C:\Users\santi\OneDrive - Bicicultura\Haroldo_Live\_HHT6801.JPG,NO,C:\PROYECTOS\Atlas\HaroldoHorta\vivevolandonomade\Para web Santiago\Correcciones Paguina web\seleccion ultraligero
AtacamaSelección HHT0219.jpg,LIVE,C:\Users\santi\OneDrive - Bicicultura\Haroldo_Live\AtacamaSelección HHT0219.jpg,NO,C:\PROYECTOS\Atlas\HaroldoHorta\vivevolandonomade\Para web Santiago\Correcciones Paguina web\seleccion ultraligero\horizontales
DSC_6000.jpg,LIVE,C:\Users\santi\OneDrive - Bicicultura\Haroldo_Live\DSC_6000.JPG,NO,C:\PROYECTOS\Atlas\HaroldoHorta\vivevolandonomade\Para web Santiago\Correcciones Paguina web\seleccion ultraligero\horizontales
DSC_6847.jpg,LIVE,C:\Users\santi\OneDrive - Bicicultura\Haroldo_Live\DSC_6847.JPG,NO,C:\PROYECTOS\Atlas\HaroldoHorta\vivevolandonomade\Para web Santiago\Correcciones Paguina web\seleccion ultraligero\horizontales
IMG_1196.jpg,LIVE,C:\Users\santi\OneDrive - Bicicultura\Haroldo_Live\IMG_1196.JPG,NO,C:\PROYECTOS\Atlas\HaroldoHorta\vivevolandonomade\Para web Santiago\Correcciones Paguina web\seleccion ultraligero\horizontales
Peine-Flamencos-2007060013.jpg,LIVE,C:\Users\santi\OneDrive - Bicicultura\Haroldo_Live\Peine-Flamencos-2007060013.jpg,NO,C:\PROYECTOS\Atlas\HaroldoHorta\vivevolandonomade\Para web Santiago\Correcciones Paguina web\seleccion ultraligero\horizontales
_HHT5068.jpg,LIVE,C:\Users\santi\OneDrive - Bicicultura\Haroldo_Live\_HHT5068.JPG,NO,C:\PROYECTOS\Atlas\HaroldoHorta\vivevolandonomade\Para web Santiago\Correcciones Paguina web\seleccion ultraligero\horizontales
_HHT5109.jpg,LIVE,C:\Users\santi\OneDrive - Bicicultura\Haroldo_Live\_HHT5109.JPG,NO,C:\PROYECTOS\Atlas\HaroldoHorta\vivevolandonomade\Para web Santiago\Correcciones Paguina web\seleccion ultraligero\horizontales
_HHT5963.JPG,LIVE,C:\Users\santi\OneDrive - Bicicultura\Haroldo_Live\_HHT5963.JPG,NO,C:\PROYECTOS\Atlas\HaroldoHorta\vivevolandonomade\Para web Santiago\Correcciones Paguina web\seleccion ultraligero\horizontales
_HHT6797.jpg,LIVE,C:\Users\santi\OneDrive - Bicicultura\Haroldo_Live\_HHT6797.JPG,NO,C:\PROYECTOS\Atlas\HaroldoHorta\vivevolandonomade\Para web Santiago\Correcciones Paguina web\seleccion ultraligero\horizontales
_HHT6872.jpg,LIVE,C:\Users\santi\OneDrive - Bicicultura\Haroldo_Live\_HHT6872.JPG,NO,C:\PROYECTOS\Atlas\HaroldoHorta\vivevolandonomade\Para web Santiago\Correcciones Paguina web\seleccion ultraligero\horizontales
_HHT6927.jpg,LIVE,C:\Users\santi\OneDrive - Bicicultura\Haroldo_Live\_HHT6927.JPG,NO,C:\PROYECTOS\Atlas\HaroldoHorta\vivevolandonomade\Para web Santiago\Correcciones Paguina web\seleccion ultraligero\horizontales
_HHT6964.jpg,LIVE,C:\Users\santi\OneDrive - Bicicultura\Haroldo_Live\_HHT6964.JPG,NO,C:\PROYECTOS\Atlas\HaroldoHorta\vivevolandonomade\Para web Santiago\Correcciones Paguina web\seleccion ultraligero\horizontales
IMG_5429.jpg,LIVE,C:\Users\santi\OneDrive - Bicicultura\Haroldo_Live\IMG_5429.JPG,NO,C:\PROYECTOS\Atlas\HaroldoHorta\vivevolandonomade\Para web Santiago\Correcciones Paguina web\seleccion ultraligero\Verticales
Peine-Meteoritos2007060033.jpg,LIVE,C:\Users\santi\OneDrive - Bicicultura\Haroldo_Live\Peine-Meteoritos2007060033.jpg,NO,C:\PROYECTOS\Atlas\HaroldoHorta\vivevolandonomade\Para web Santiago\Correcciones Paguina web\seleccion ultraligero\Verticales
_HHT6955.jpg,LIVE,C:\Users\santi\OneDrive - Bicicultura\Haroldo_Live\_HHT6955.JPG,NO,C:\PROYECTOS\Atlas\HaroldoHorta\vivevolandonomade\Para web Santiago\Correcciones Paguina web\seleccion ultraligero\Verticales
21122009-_DSC1786 Panorama.jpg,LIVE,C:\Users\santi\OneDrive - Bicicultura\Haroldo_Live\21122009-_DSC1786 Panorama.jpg,NO,C:\PROYECTOS\Atlas\HaroldoHorta\vivevolandonomade\Para web Santiago\Correcciones Paguina web\Tara
_DSC1651 Panorama.jpg,LIVE,C:\Users\santi\OneDrive - Bicicultura\Haroldo_Live\_DSC1651 Panorama.jpg,NO,C:\PROYECTOS\Atlas\HaroldoHorta\vivevolandonomade\Para web Santiago\Correcciones Paguina web\Tara
_DSC2210-Editar.jpg,LIVE,C:\Users\santi\OneDrive - Bicicultura\Haroldo_Live\_DSC2210-Editar.jpg,NO,C:\PROYECTOS\Atlas\HaroldoHorta\vivevolandonomade\Para web Santiago\Correcciones Paguina web\Tara
_DSC3249 Panorama.jpg,LIVE,C:\Users\santi\OneDrive - Bicicultura\Haroldo_Live\_DSC3249 Panorama.jpg,NO,C:\PROYECTOS\Atlas\HaroldoHorta\vivevolandonomade\Para web Santiago\Correcciones Paguina web\Tara
_DSC7034 Panorama.jpg,LIVE,C:\Users\santi\OneDrive - Bicicultura\Haroldo_Live\_DSC7034 Panorama.jpg,NO,C:\PROYECTOS\Atlas\HaroldoHorta\vivevolandonomade\Para web Santiago\Correcciones Paguina web\Tara
_DSC7476.jpg,LIVE,C:\Users\santi\OneDrive - Bicicultura\Haroldo_Live\_DSC7476.jpg,NO,C:\PROYECTOS\Atlas\HaroldoHorta\vivevolandonomade\Para web Santiago\Correcciones Paguina web\Tara
_SKR5369-Editar.jpg,LIVE,C:\Users\santi\OneDrive - Bicicultura\Haroldo_Live\_SKR5369-Editar.jpg,NO,C:\PROYECTOS\Atlas\HaroldoHorta\vivevolandonomade\Para web Santiago\Correcciones Paguina web\Tara
_SKR5428-Editar.jpg,LIVE,C:\Users\santi\OneDrive - Bicicultura\Haroldo_Live\_SKR5428-Editar.jpg,NO,C:\PROYECTOS\Atlas\HaroldoHorta\vivevolandonomade\Para web Santiago\Correcciones Paguina web\Tara
_SKR5585-Editar.jpg,LIVE,C:\Users\santi\OneDrive - Bicicultura\Haroldo_Live\_SKR5585-Editar.jpg,NO,C:\PROYECTOS\Atlas\HaroldoHorta\vivevolandonomade\Para web Santiago\Correcciones Paguina web\Tara
01072009-_DSC2126-Editar.jpg,LIVE,C:\Users\santi\OneDrive - Bicicultura\Haroldo_Live\01072009-_DSC2126-Editar.jpg,NO,C:\PROYECTOS\Atlas\HaroldoHorta\vivevolandonomade\Para web Santiago\Correcciones Paguina web\Tara\Tara Seleccion
23112009-_DSC2996 Panorama.jpg,LIVE,C:\Users\santi\OneDrive - Bicicultura\Haroldo_Live\23112009-_DSC2996 Panorama.jpg,NO,C:\PROYECTOS\Atlas\HaroldoHorta\vivevolandonomade\Para web Santiago\Correcciones Paguina web\Tara\Tara Seleccion
_DSC1840 Panorama.jpg,LIVE,C:\Users\santi\OneDrive - Bicicultura\Haroldo_Live\_DSC1840 Panorama.jpg,NO,C:\PROYECTOS\Atlas\HaroldoHorta\vivevolandonomade\Para web Santiago\Correcciones Paguina web\Tara\Tara Seleccion
_DSC2231.jpg,LIVE,C:\Users\santi\OneDrive - Bicicultura\Haroldo_Live\_DSC2231.jpg,NO,C:\PROYECTOS\Atlas\HaroldoHorta\vivevolandonomade\Para web Santiago\Correcciones Paguina web\Tara\Tara Seleccion
_DSC3219-Editar.jpg,LIVE,C:\Users\santi\OneDrive - Bicicultura\Haroldo_Live\_DSC3219-Editar.jpg,NO,C:\PROYECTOS\Atlas\HaroldoHorta\vivevolandonomade\Para web Santiago\Correcciones Paguina web\Tara\Tara Seleccion
_SKR5492-Editar.jpg,LIVE,C:\Users\santi\OneDrive - Bicicultura\Haroldo_Live\_SKR5492-Editar.jpg,NO,C:\PROYECTOS\Atlas\HaroldoHorta\vivevolandonomade\Para web Santiago\Correcciones Paguina web\Tara\Tara Seleccion
_SKR5544-Editar.jpg,LIVE,C:\Users\santi\OneDrive - Bicicultura\Haroldo_Live\_SKR5544-Editar.jpg,NO,C:\PROYECTOS\Atlas\HaroldoHorta\vivevolandonomade\Para web Santiago\Correcciones Paguina web\Tara\Tara Seleccion
DSC_0559.jpg,LIVE,C:\Users\santi\OneDrive - Bicicultura\Haroldo_Live\DSC_0559.jpg,NO,C:\PROYECTOS\Atlas\HaroldoHorta\vivevolandonomade\Para web Santiago\Correcciones Paguina web\Tebenquinche
"13012012-Catalogo Haroldo HortaCatalogo Haroldo HortaPano 2 V.A,.jpg",LIVE,"C:\Users\santi\OneDrive - Bicicultura\Haroldo_Live\13012012-Catalogo Haroldo HortaCatalogo Haroldo HortaPano 2 V.A,.jpg",NO,C:\PROYECTOS\Atlas\HaroldoHorta\vivevolandonomade\Para web Santiago\Correcciones Paguina web\Valle Arco Iris
DSCN0187.jpg,LIVE,C:\Users\santi\OneDrive - Bicicultura\Haroldo_Live\DSCN0187.JPG,NO,C:\PROYECTOS\Atlas\HaroldoHorta\vivevolandonomade\Para web Santiago\Correcciones Paguina web\Valle Arco Iris
DSC_0031.jpg,LIVE,C:\Users\santi\OneDrive - Bicicultura\Haroldo_Live\DSC_0031.JPG,NO,C:\PROYECTOS\Atlas\HaroldoHorta\vivevolandonomade\Para web Santiago\Correcciones Paguina web\Valle Arco Iris
DSC_0951.jpg,LIVE,C:\Users\santi\OneDrive - Bicicultura\Haroldo_Live\DSC_0951.JPG,NO,C:\PROYECTOS\Atlas\HaroldoHorta\vivevolandonomade\Para web Santiago\Correcciones Paguina web\Valle Arco Iris
DSC_0964.jpg,LIVE,C:\Users\santi\OneDrive - Bicicultura\Haroldo_Live\DSC_0964.jpg,NO,C:\PROYECTOS\Atlas\HaroldoHorta\vivevolandonomade\Para web Santiago\Correcciones Paguina web\Valle Arco Iris
DSC_0970.jpg,LIVE,C:\Users\santi\OneDrive - Bicicultura\Haroldo_Live\DSC_0970.JPG,NO,C:\PROYECTOS\Atlas\HaroldoHorta\vivevolandonomade\Para web Santiago\Correcciones Paguina web\Valle Arco Iris
DSC_5943.jpg,LIVE,C:\Users\santi\OneDrive - Bicicultura\Haroldo_Live\DSC_5943.JPG,NO,C:\PROYECTOS\Atlas\HaroldoHorta\vivevolandonomade\Para web Santiago\Correcciones Paguina web\Valle Arco Iris
DSC_5958.jpg,LIVE,C:\Users\santi\OneDrive - Bicicultura\Haroldo_Live\DSC_5958.JPG,NO,C:\PROYECTOS\Atlas\HaroldoHorta\vivevolandonomade\Para web Santiago\Correcciones Paguina web\Valle Arco Iris
_DSC0028.jpg,LIVE,C:\Users\santi\OneDrive - Bicicultura\Haroldo_Live\_DSC0028.JPG,NO,C:\PROYECTOS\Atlas\HaroldoHorta\vivevolandonomade\Para web Santiago\Correcciones Paguina web\Valle Arco Iris
_DSC0075.jpg,LIVE,C:\Users\santi\OneDrive - Bicicultura\Haroldo_Live\_DSC0075.JPG,NO,C:\PROYECTOS\Atlas\HaroldoHorta\vivevolandonomade\Para web Santiago\Correcciones Paguina web\Valle Arco Iris
_DSC0077.jpg,LIVE,C:\Users\santi\OneDrive - Bicicultura\Haroldo_Live\_DSC0077.JPG,NO,C:\PROYECTOS\Atlas\HaroldoHorta\vivevolandonomade\Para web Santiago\Correcciones Paguina web\Valle Arco Iris
_DSC0088.jpg,LIVE,C:\Users\santi\OneDrive - Bicicultura\Haroldo_Live\_DSC0088.JPG,NO,C:\PROYECTOS\Atlas\HaroldoHorta\vivevolandonomade\Para web Santiago\Correcciones Paguina web\Valle Arco Iris
_DSC0346.jpg,LIVE,C:\Users\santi\OneDrive - Bicicultura\Haroldo_Live\_DSC0346.JPG,NO,C:\PROYECTOS\Atlas\HaroldoHorta\vivevolandonomade\Para web Santiago\Correcciones Paguina web\Valle Arco Iris
_DSC0366.jpg,LIVE,C:\Users\santi\OneDrive - Bicicultura\Haroldo_Live\_DSC0366.JPG,NO,C:\PROYECTOS\Atlas\HaroldoHorta\vivevolandonomade\Para web Santiago\Correcciones Paguina web\Valle Arco Iris
_DSC0520.jpg,LIVE,C:\Users\santi\OneDrive - Bicicultura\Haroldo_Live\_DSC0520.jpg,NO,C:\PROYECTOS\Atlas\HaroldoHorta\vivevolandonomade\Para web Santiago\Correcciones Paguina web\Valle Arco Iris
_HHT7610.jpg,LIVE,C:\Users\santi\OneDrive - Bicicultura\Haroldo_Live\_HHT7610.JPG,NO,C:\PROYECTOS\Atlas\HaroldoHorta\vivevolandonomade\Para web Santiago\Correcciones Paguina web\Valle Arco Iris
_HHT7655.jpg,LIVE,C:\Users\santi\OneDrive - Bicicultura\Haroldo_Live\_HHT7655.JPG,NO,C:\PROYECTOS\Atlas\HaroldoHorta\vivevolandonomade\Para web Santiago\Correcciones Paguina web\Valle Arco Iris
_NAF0248.jpg,LIVE,C:\Users\santi\OneDrive - Bicicultura\Haroldo_Live\_NAF0248.jpg,NO,C:\PROYECTOS\Atlas\HaroldoHorta\vivevolandonomade\Para web Santiago\Correcciones Paguina web\Valle Arco Iris
_NAF0266-Editar.jpg,LIVE,C:\Users\santi\OneDrive - Bicicultura\Haroldo_Live\_NAF0266-Editar.jpg,NO,C:\PROYECTOS\Atlas\HaroldoHorta\vivevolandonomade\Para web Santiago\Correcciones Paguina web\Valle Arco Iris
_NAF8127-Editar.jpg,LIVE,C:\Users\santi\OneDrive - Bicicultura\Haroldo_Live\_NAF8127-Editar.jpg,NO,C:\PROYECTOS\Atlas\HaroldoHorta\vivevolandonomade\Para web Santiago\Correcciones Paguina web\Valle Arco Iris
_NAF9888.jpg,LIVE,C:\Users\santi\OneDrive - Bicicultura\Haroldo_Live\_NAF9888.jpg,NO,C:\PROYECTOS\Atlas\HaroldoHorta\vivevolandonomade\Para web Santiago\Correcciones Paguina web\Valle Arco Iris
_SKR5627-Editar.jpg,LIVE,C:\Users\santi\OneDrive - Bicicultura\Haroldo_Live\_SKR5627-Editar.jpg,NO,C:\PROYECTOS\Atlas\HaroldoHorta\vivevolandonomade\Para web Santiago\Correcciones Paguina web\Valle Arco Iris
_SKR5648-Editar.jpg,LIVE,C:\Users\santi\OneDrive - Bicicultura\Haroldo_Live\_SKR5648-Editar.jpg,NO,C:\PROYECTOS\Atlas\HaroldoHorta\vivevolandonomade\Para web Santiago\Correcciones Paguina web\Valle Arco Iris
DSC_5253.jpg,LIVE,C:\Users\santi\OneDrive - Bicicultura\Haroldo_Live\DSC_5253.JPG,NO,C:\PROYECTOS\Atlas\HaroldoHorta\vivevolandonomade\Para web Santiago\Correcciones Paguina web\Valle de La luna\Valle 760
DSC_5261.jpg,LIVE,C:\Users\santi\OneDrive - Bicicultura\Haroldo_Live\DSC_5261.JPG,NO,C:\PROYECTOS\Atlas\HaroldoHorta\vivevolandonomade\Para web Santiago\Correcciones Paguina web\Valle de La luna\Valle 760
DSC_5273.jpg,LIVE,C:\Users\santi\OneDrive - Bicicultura\Haroldo_Live\DSC_5273.JPG,NO,C:\PROYECTOS\Atlas\HaroldoHorta\vivevolandonomade\Para web Santiago\Correcciones Paguina web\Valle de La luna\Valle 760
DSC_5404.jpg,LIVE,C:\Users\santi\OneDrive - Bicicultura\Haroldo_Live\DSC_5404.JPG,NO,C:\PROYECTOS\Atlas\HaroldoHorta\vivevolandonomade\Para web Santiago\Correcciones Paguina web\Valle de La luna\Valle 760
HHT04012010-_DSC5460.jpg,LIVE,C:\Users\santi\OneDrive - Bicicultura\Haroldo_Live\HHT04012010-_DSC5460.jpg,NO,C:\PROYECTOS\Atlas\HaroldoHorta\vivevolandonomade\Para web Santiago\Correcciones Paguina web\Valle de La luna\Valle 760
HHT_3618-Editar.jpg,LIVE,C:\Users\santi\OneDrive - Bicicultura\Haroldo_Live\HHT_3618-Editar.jpg,NO,C:\PROYECTOS\Atlas\HaroldoHorta\vivevolandonomade\Para web Santiago\Correcciones Paguina web\Valle de La luna\Valle 760
HHT_3626-Editar-Editar.jpg,LIVE,C:\Users\santi\OneDrive - Bicicultura\Haroldo_Live\HHT_3626-Editar-Editar.jpg,NO,C:\PROYECTOS\Atlas\HaroldoHorta\vivevolandonomade\Para web Santiago\Correcciones Paguina web\Valle de La luna\Valle 760
IMG_0986-Editar.jpg,LIVE,C:\Users\santi\OneDrive - Bicicultura\Haroldo_Live\IMG_0986-Editar.jpg,NO,C:\PROYECTOS\Atlas\HaroldoHorta\vivevolandonomade\Para web Santiago\Correcciones Paguina web\Valle de La luna\Valle 760
_DSC5586.jpg,LIVE,C:\Users\santi\OneDrive - Bicicultura\Haroldo_Live\_DSC5586.jpg,NO,C:\PROYECTOS\Atlas\HaroldoHorta\vivevolandonomade\Para web Santiago\Correcciones Paguina web\Valle de La luna\Valle 760
_DSC5677-Editar.jpg,LIVE,C:\Users\santi\OneDrive - Bicicultura\Haroldo_Live\_DSC5677-Editar.jpg,NO,C:\PROYECTOS\Atlas\HaroldoHorta\vivevolandonomade\Para web Santiago\Correcciones Paguina web\Valle de La luna\Valle 760
DSC_6723.jpg,LIVE,C:\Users\santi\OneDrive - Bicicultura\Haroldo_Live\DSC_6723.JPG,NO,C:\PROYECTOS\Atlas\HaroldoHorta\vivevolandonomade\Para web Santiago\Correcciones Paguina web\Valle de La luna\Valle 760\seleccion valle
HHT_3637-Editar.jpg,LIVE,C:\Users\santi\OneDrive - Bicicultura\Haroldo_Live\HHT_3637-Editar.jpg,NO,C:\PROYECTOS\Atlas\HaroldoHorta\vivevolandonomade\Para web Santiago\Correcciones Paguina web\Valle de La luna\Valle 760\seleccion valle
HHT_9745-Editar.jpg,LIVE,C:\Users\santi\OneDrive - Bicicultura\Haroldo_Live\HHT_9745-Editar.jpg,NO,C:\PROYECTOS\Atlas\HaroldoHorta\vivevolandonomade\Para web Santiago\Correcciones Paguina web\Valle de La luna\Valle 760\seleccion valle
_DSC5470-Editar.jpg,LIVE,C:\Users\santi\OneDrive - Bicicultura\Haroldo_Live\_DSC5470-Editar.jpg,NO,C:\PROYECTOS\Atlas\HaroldoHorta\vivevolandonomade\Para web Santiago\Correcciones Paguina web\Valle de La luna\Valle 760\seleccion valle
_SKR5590-Editar.jpg,LIVE,C:\Users\santi\OneDrive - Bicicultura\Haroldo_Live\_SKR5590-Editar.jpg,NO,C:\PROYECTOS\Atlas\HaroldoHorta\vivevolandonomade\Para web Santiago\Correcciones Paguina web\Valle de La luna\Valle 760\seleccion valle
_SKR5803-Editar.jpg,LIVE,C:\Users\santi\OneDrive - Bicicultura\Haroldo_Live\_SKR5803-Editar.jpg,NO,C:\PROYECTOS\Atlas\HaroldoHorta\vivevolandonomade\Para web Santiago\Correcciones Paguina web\Valle de La luna\Valle 760\seleccion valle
_DSC0111.jpg,LIVE,C:\Users\santi\OneDrive - Bicicultura\Haroldo_Live\_DSC0111.JPG,NO,C:\PROYECTOS\Atlas\HaroldoHorta\vivevolandonomade\Para web Santiago\Paisaje Atacama
_DSC0140.jpg,LIVE,C:\Users\santi\OneDrive - Bicicultura\Haroldo_Live\_DSC0140.JPG,NO,C:\PROYECTOS\Atlas\HaroldoHorta\vivevolandonomade\Para web Santiago\Paisaje Atacama
_HHT4065.jpg,LIVE,C:\Users\santi\OneDrive - Bicicultura\Haroldo_Live\_HHT4065.jpg,NO,C:\PROYECTOS\Atlas\HaroldoHorta\vivevolandonomade\Para web Santiago\Paisaje Atacama
_HHT5556.jpg,LIVE,C:\Users\santi\OneDrive - Bicicultura\Haroldo_Live\_HHT5556.JPG,NO,C:\PROYECTOS\Atlas\HaroldoHorta\vivevolandonomade\Para web Santiago\Paisaje Atacama
_HHT5643.jpg,LIVE,C:\Users\santi\OneDrive - Bicicultura\Haroldo_Live\_HHT5643.JPG,NO,C:\PROYECTOS\Atlas\HaroldoHorta\vivevolandonomade\Para web Santiago\Paisaje Atacama
_HHT5677.jpg,LIVE,C:\Users\santi\OneDrive - Bicicultura\Haroldo_Live\_HHT5677.JPG,NO,C:\PROYECTOS\Atlas\HaroldoHorta\vivevolandonomade\Para web Santiago\Paisaje Atacama
_HHT5697.jpg,LIVE,C:\Users\santi\OneDrive - Bicicultura\Haroldo_Live\_HHT5697.JPG,NO,C:\PROYECTOS\Atlas\HaroldoHorta\vivevolandonomade\Para web Santiago\Paisaje Atacama
_HHT6164.jpg,LIVE,C:\Users\santi\OneDrive - Bicicultura\Haroldo_Live\_HHT6164.JPG,NO,C:\PROYECTOS\Atlas\HaroldoHorta\vivevolandonomade\Para web Santiago\Paisaje Atacama
_HHT6762.jpg,LIVE,C:\Users\santi\OneDrive - Bicicultura\Haroldo_Live\_HHT6762.JPG,NO,C:\PROYECTOS\Atlas\HaroldoHorta\vivevolandonomade\Para web Santiago\Paisaje Atacama
_HHT6813.jpg,LIVE,C:\Users\santi\OneDrive - Bicicultura\Haroldo_Live\_HHT6813.JPG,NO,C:\PROYECTOS\Atlas\HaroldoHorta\vivevolandonomade\Para web Santiago\Paisaje Atacama
_HHT6828.jpg,LIVE,C:\Users\santi\OneDrive - Bicicultura\Haroldo_Live\_HHT6828.JPG,NO,C:\PROYECTOS\Atlas\HaroldoHorta\vivevolandonomade\Para web Santiago\Paisaje Atacama
_HHT6853.jpg,LIVE,C:\Users\santi\OneDrive - Bicicultura\Haroldo_Live\_HHT6853.JPG,NO,C:\PROYECTOS\Atlas\HaroldoHorta\vivevolandonomade\Para web Santiago\Paisaje Atacama
_HHT7148.jpg,LIVE,C:\Users\santi\OneDrive - Bicicultura\Haroldo_Live\_HHT7148.JPG,NO,C:\PROYECTOS\Atlas\HaroldoHorta\vivevolandonomade\Para web Santiago\Paisaje Atacama
_HHT7149.jpg,LIVE,C:\Users\santi\OneDrive - Bicicultura\Haroldo_Live\_HHT7149.JPG,NO,C:\PROYECTOS\Atlas\HaroldoHorta\vivevolandonomade\Para web Santiago\Paisaje Atacama
_HHT7160.jpg,LIVE,C:\Users\santi\OneDrive - Bicicultura\Haroldo_Live\_HHT7160.JPG,NO,C:\PROYECTOS\Atlas\HaroldoHorta\vivevolandonomade\Para web Santiago\Paisaje Atacama
03012012-HHT_9121-Editar.jpg,LIVE,C:\Users\santi\OneDrive - Bicicultura\Haroldo_Live\03012012-HHT_9121-Editar.jpg,NO,C:\PROYECTOS\Atlas\HaroldoHorta\vivevolandonomade\Para web Santiago\Panoramicas
04012010-_DSC5713-Editar.jpg,LIVE,C:\Users\santi\OneDrive - Bicicultura\Haroldo_Live\04012010-_DSC5713-Editar.jpg,NO,C:\PROYECTOS\Atlas\HaroldoHorta\vivevolandonomade\Para web Santiago\Panoramicas
06012012-HHT_9739 Panorama-Editar.jpg,LIVE,C:\Users\santi\OneDrive - Bicicultura\Haroldo_Live\06012012-HHT_9739 Panorama-Editar.jpg,NO,C:\PROYECTOS\Atlas\HaroldoHorta\vivevolandonomade\Para web Santiago\Panoramicas
13012012-Panoramica Españoles 2.jpg,LIVE,C:\Users\santi\OneDrive - Bicicultura\Haroldo_Live\13012012-Panoramica Españoles 2.jpg,NO,C:\PROYECTOS\Atlas\HaroldoHorta\vivevolandonomade\Para web Santiago\Panoramicas
17092009-DSC_8202-Editar.jpg,LIVE,C:\Users\santi\OneDrive - Bicicultura\Haroldo_Live\17092009-DSC_8202-Editar.jpg,NO,C:\PROYECTOS\Atlas\HaroldoHorta\vivevolandonomade\Para web Santiago\Panoramicas
18092009-DSC_8500-Editar.jpg,LIVE,C:\Users\santi\OneDrive - Bicicultura\Haroldo_Live\18092009-DSC_8500-Editar.jpg,NO,C:\PROYECTOS\Atlas\HaroldoHorta\vivevolandonomade\Para web Santiago\Panoramicas
31072010-DSC_6243-Editar.jpg,LIVE,C:\Users\santi\OneDrive - Bicicultura\Haroldo_Live\31072010-DSC_6243-Editar.jpg,NO,C:\PROYECTOS\Atlas\HaroldoHorta\vivevolandonomade\Para web Santiago\Panoramicas
Chile Excepcion PanoramicasInterior hotel Alto Atacama Alta00057.jpg,LIVE,C:\Users\santi\OneDrive - Bicicultura\Haroldo_Live\Chile Excepcion PanoramicasInterior hotel Alto Atacama Alta00057.jpg,NO,C:\PROYECTOS\Atlas\HaroldoHorta\vivevolandonomade\Para web Santiago\Panoramicas
Chile Excepcion PanoramicasValle del Arco iris pano 0325-36.00037-2.jpg,LIVE,C:\Users\santi\OneDrive - Bicicultura\Haroldo_Live\Chile Excepcion PanoramicasValle del Arco iris pano 0325-36.00037-2.jpg,NO,C:\PROYECTOS\Atlas\HaroldoHorta\vivevolandonomade\Para web Santiago\Panoramicas
Chile Excepcion PanoramicasVallede los dinosaurios 00071.jpg,LIVE,C:\Users\santi\OneDrive - Bicicultura\Haroldo_Live\Chile Excepcion PanoramicasVallede los dinosaurios 00071.jpg,NO,C:\PROYECTOS\Atlas\HaroldoHorta\vivevolandonomade\Para web Santiago\Panoramicas
DSC_6451.jpg,LIVE,C:\Users\santi\OneDrive - Bicicultura\Haroldo_Live\DSC_6451.JPG,NO,C:\PROYECTOS\Atlas\HaroldoHorta\vivevolandonomade\Para web Santiago\Panoramicas
Panorama_Valle de la Luna.jpg,LIVE,C:\Users\santi\OneDrive - Bicicultura\Haroldo_Live\Panorama_Valle de la Luna.jpg,NO,C:\PROYECTOS\Atlas\HaroldoHorta\vivevolandonomade\Para web Santiago\Panoramicas
Panoramica-Toconao-geoglifo.jpg,LIVE,C:\Users\santi\OneDrive - Bicicultura\Haroldo_Live\Panoramica-Toconao-geoglifo.jpg,NO,C:\PROYECTOS\Atlas\HaroldoHorta\vivevolandonomade\Para web Santiago\Panoramicas
Raw00063.JPG,LIVE,C:\Users\santi\OneDrive - Bicicultura\Haroldo_Live\Raw00063.jpg,NO,C:\PROYECTOS\Atlas\HaroldoHorta\vivevolandonomade\Para web Santiago\Panoramicas
Valle de la Luna 1454 Panorama.jpg,LIVE,C:\Users\santi\OneDrive - Bicicultura\Haroldo_Live\Valle de la Luna 1454 Panorama.jpg,NO,C:\PROYECTOS\Atlas\HaroldoHorta\vivevolandonomade\Para web Santiago\Panoramicas
_DSC0319 Panorama.jpg,LIVE,C:\Users\santi\OneDrive - Bicicultura\Haroldo_Live\_DSC0319 Panorama.jpg,NO,C:\PROYECTOS\Atlas\HaroldoHorta\vivevolandonomade\Para web Santiago\Panoramicas
_DSC2806.jpg,LIVE,C:\Users\santi\OneDrive - Bicicultura\Haroldo_Live\_DSC2806.jpg,NO,C:\PROYECTOS\Atlas\HaroldoHorta\vivevolandonomade\Para web Santiago\Panoramicas
_DSC5571 Panorama.jpg,LIVE,C:\Users\santi\OneDrive - Bicicultura\Haroldo_Live\_DSC5571 Panorama.jpg,NO,C:\PROYECTOS\Atlas\HaroldoHorta\vivevolandonomade\Para web Santiago\Panoramicas
_HHT7477.jpg,LIVE,C:\Users\santi\OneDrive - Bicicultura\Haroldo_Live\_HHT7477.JPG,NO,C:\PROYECTOS\Atlas\HaroldoHorta\vivevolandonomade\Para web Santiago\Panoramicas
_SKR5746-Editar.jpg,LIVE,C:\Users\santi\OneDrive - Bicicultura\Haroldo_Live\_SKR5746-Editar.jpg,NO,C:\PROYECTOS\Atlas\HaroldoHorta\vivevolandonomade\Para web Santiago\Panoramicas
_SKR7170-Edit.jpg,LIVE,C:\Users\santi\OneDrive - Bicicultura\Haroldo_Live\_SKR7170-Edit.jpg,NO,C:\PROYECTOS\Atlas\HaroldoHorta\vivevolandonomade\Para web Santiago\Panoramicas
con boina roja.jpg,LIVE,C:\Users\santi\OneDrive - Bicicultura\Haroldo_Live\con boina roja.jpg,NO,C:\PROYECTOS\Atlas\HaroldoHorta\vivevolandonomade\Para web Santiago\publicacioes
Diploma Piloto Buckeye .jpg,LIVE,C:\Users\santi\OneDrive - Bicicultura\Haroldo_Live\Diploma Piloto Buckeye .jpg,NO,C:\PROYECTOS\Atlas\HaroldoHorta\vivevolandonomade\Para web Santiago\publicacioes
DSC_0070.JPG,LIVE,C:\Users\santi\OneDrive - Bicicultura\Haroldo_Live\DSC_0070.jpg,NO,C:\PROYECTOS\Atlas\HaroldoHorta\vivevolandonomade\Para web Santiago\publicacioes
DSC_0072.JPG,LIVE,C:\Users\santi\OneDrive - Bicicultura\Haroldo_Live\DSC_0072.jpg,NO,C:\PROYECTOS\Atlas\HaroldoHorta\vivevolandonomade\Para web Santiago\publicacioes
En manifestacion.jpg,LIVE,C:\Users\santi\OneDrive - Bicicultura\Haroldo_Live\En manifestacion.jpg,NO,C:\PROYECTOS\Atlas\HaroldoHorta\vivevolandonomade\Para web Santiago\publicacioes
REPORT1.JPG,LIVE,C:\Users\santi\OneDrive - Bicicultura\Haroldo_Live\REPORT1.JPG,NO,C:\PROYECTOS\Atlas\HaroldoHorta\vivevolandonomade\Para web Santiago\publicacioes
Ejercito Peruano.jpg,LIVE,C:\Users\santi\OneDrive - Bicicultura\Haroldo_Live\Ejercito Peruano.jpg,NO,C:\PROYECTOS\Atlas\HaroldoHorta\vivevolandonomade\Para web Santiago\Reportajes
Fotografo en Perú.jpg,LIVE,C:\Users\santi\OneDrive - Bicicultura\Haroldo_Live\Fotografo en Perú.jpg,NO,C:\PROYECTOS\Atlas\HaroldoHorta\vivevolandonomade\Para web Santiago\Reportajes
Fujimori 1991.jpg,LIVE,C:\Users\santi\OneDrive - Bicicultura\Haroldo_Live\Fujimori 1991.jpg,NO,C:\PROYECTOS\Atlas\HaroldoHorta\vivevolandonomade\Para web Santiago\Reportajes
Indigenas Cuzco copia.jpg,LIVE,C:\Users\santi\OneDrive - Bicicultura\Haroldo_Live\Indigenas Cuzco copia.jpg,NO,C:\PROYECTOS\Atlas\HaroldoHorta\vivevolandonomade\Para web Santiago\Reportajes
Mercado Lima.jpg,LIVE,C:\Users\santi\OneDrive - Bicicultura\Haroldo_Live\Mercado Lima.jpg,NO,C:\PROYECTOS\Atlas\HaroldoHorta\vivevolandonomade\Para web Santiago\Reportajes
Moto Nautica y tabla.jpg,LIVE,C:\Users\santi\OneDrive - Bicicultura\Haroldo_Live\Moto Nautica y tabla.jpg,NO,C:\PROYECTOS\Atlas\HaroldoHorta\vivevolandonomade\Para web Santiago\Reportajes
Mujer desnuda Rimac B&N.jpg,LIVE,C:\Users\santi\OneDrive - Bicicultura\Haroldo_Live\Mujer desnuda Rimac B&N.jpg,NO,C:\PROYECTOS\Atlas\HaroldoHorta\vivevolandonomade\Para web Santiago\Reportajes
Mujer desnuda Rimac.jpg,LIVE,C:\Users\santi\OneDrive - Bicicultura\Haroldo_Live\Mujer desnuda Rimac.jpg,NO,C:\PROYECTOS\Atlas\HaroldoHorta\vivevolandonomade\Para web Santiago\Reportajes
Mujeres campesinas sierra Perú.jpg,LIVE,C:\Users\santi\OneDrive - Bicicultura\Haroldo_Live\Mujeres campesinas sierra Perú.jpg,NO,C:\PROYECTOS\Atlas\HaroldoHorta\vivevolandonomade\Para web Santiago\Reportajes
Paramotor playa.jpg,LIVE,C:\Users\santi\OneDrive - Bicicultura\Haroldo_Live\Paramotor playa.jpg,NO,C:\PROYECTOS\Atlas\HaroldoHorta\vivevolandonomade\Para web Santiago\Reportajes
PeruFF11.JPG,LIVE,C:\Users\santi\OneDrive - Bicicultura\Haroldo_Live\PeruFF11.JPG,NO,C:\PROYECTOS\Atlas\HaroldoHorta\vivevolandonomade\Para web Santiago\Reportajes
PeruFFF1.JPG,LIVE,C:\Users\santi\OneDrive - Bicicultura\Haroldo_Live\PeruFFF1.JPG,NO,C:\PROYECTOS\Atlas\HaroldoHorta\vivevolandonomade\Para web Santiago\Reportajes
PeruFFF10-Editar.JPG,LIVE,C:\Users\santi\OneDrive - Bicicultura\Haroldo_Live\PeruFFF10-Editar.JPG,NO,C:\PROYECTOS\Atlas\HaroldoHorta\vivevolandonomade\Para web Santiago\Reportajes
PeruFFF10.JPG,LIVE,C:\Users\santi\OneDrive - Bicicultura\Haroldo_Live\PeruFFF10.JPG,NO,C:\PROYECTOS\Atlas\HaroldoHorta\vivevolandonomade\Para web Santiago\Reportajes
PeruFFF2.JPG,LIVE,C:\Users\santi\OneDrive - Bicicultura\Haroldo_Live\PeruFFF2.JPG,NO,C:\PROYECTOS\Atlas\HaroldoHorta\vivevolandonomade\Para web Santiago\Reportajes
PeruFFF4.JPG,LIVE,C:\Users\santi\OneDrive - Bicicultura\Haroldo_Live\PeruFFF4.JPG,NO,C:\PROYECTOS\Atlas\HaroldoHorta\vivevolandonomade\Para web Santiago\Reportajes
PeruFFF5.JPG,LIVE,C:\Users\santi\OneDrive - Bicicultura\Haroldo_Live\PeruFFF5.JPG,NO,C:\PROYECTOS\Atlas\HaroldoHorta\vivevolandonomade\Para web Santiago\Reportajes
PeruFFF8.JPG,LIVE,C:\Users\santi\OneDrive - Bicicultura\Haroldo_Live\PeruFFF8.JPG,NO,C:\PROYECTOS\Atlas\HaroldoHorta\vivevolandonomade\Para web Santiago\Reportajes
PeruFFF9.JPG,LIVE,C:\Users\santi\OneDrive - Bicicultura\Haroldo_Live\PeruFFF9.JPG,NO,C:\PROYECTOS\Atlas\HaroldoHorta\vivevolandonomade\Para web Santiago\Reportajes
Perú Cólera.jpg,LIVE,C:\Users\santi\OneDrive - Bicicultura\Haroldo_Live\Perú Cólera.jpg,NO,C:\PROYECTOS\Atlas\HaroldoHorta\vivevolandonomade\Para web Santiago\Reportajes
Perú-Coche- Bomba.JPG,LIVE,C:\Users\santi\OneDrive - Bicicultura\Haroldo_Live\Perú-Coche- Bomba.JPG,NO,C:\PROYECTOS\Atlas\HaroldoHorta\vivevolandonomade\Para web Santiago\Reportajes
Perú-Fujimori-periodistas-Chilenos.JPG,LIVE,C:\Users\santi\OneDrive - Bicicultura\Haroldo_Live\Perú-Fujimori-periodistas-Chilenos.JPG,NO,C:\PROYECTOS\Atlas\HaroldoHorta\vivevolandonomade\Para web Santiago\Reportajes
PerúCaptura Abimael Guzman.JPG,LIVE,C:\Users\santi\OneDrive - Bicicultura\Haroldo_Live\PerúCaptura Abimael Guzman.JPG,NO,C:\PROYECTOS\Atlas\HaroldoHorta\vivevolandonomade\Para web Santiago\Reportajes
_MGD7087.JPG,LIVE,C:\Users\santi\OneDrive - Bicicultura\Haroldo_Live\_MGD7087.JPG,NO,C:\PROYECTOS\Atlas\HaroldoHorta\vivevolandonomade\Para web Santiago\Reportajes
_MGD7088.JPG,LIVE,C:\Users\santi\OneDrive - Bicicultura\Haroldo_Live\_MGD7088.JPG,NO,C:\PROYECTOS\Atlas\HaroldoHorta\vivevolandonomade\Para web Santiago\Reportajes
_MGD7089.JPG,LIVE,C:\Users\santi\OneDrive - Bicicultura\Haroldo_Live\_MGD7089.JPG,NO,C:\PROYECTOS\Atlas\HaroldoHorta\vivevolandonomade\Para web Santiago\Reportajes
_MGD7090.JPG,LIVE,C:\Users\santi\OneDrive - Bicicultura\Haroldo_Live\_MGD7090.JPG,NO,C:\PROYECTOS\Atlas\HaroldoHorta\vivevolandonomade\Para web Santiago\Reportajes
_MGD7091.JPG,LIVE,C:\Users\santi\OneDrive - Bicicultura\Haroldo_Live\_MGD7091.JPG,NO,C:\PROYECTOS\Atlas\HaroldoHorta\vivevolandonomade\Para web Santiago\Reportajes
_MGD7092.JPG,LIVE,C:\Users\santi\OneDrive - Bicicultura\Haroldo_Live\_MGD7092.JPG,NO,C:\PROYECTOS\Atlas\HaroldoHorta\vivevolandonomade\Para web Santiago\Reportajes
_MGD7093.JPG,LIVE,C:\Users\santi\OneDrive - Bicicultura\Haroldo_Live\_MGD7093.JPG,NO,C:\PROYECTOS\Atlas\HaroldoHorta\vivevolandonomade\Para web Santiago\Reportajes
_MGD7094.JPG,LIVE,C:\Users\santi\OneDrive - Bicicultura\Haroldo_Live\_MGD7094.JPG,NO,C:\PROYECTOS\Atlas\HaroldoHorta\vivevolandonomade\Para web Santiago\Reportajes
_MGD7095.JPG,LIVE,C:\Users\santi\OneDrive - Bicicultura\Haroldo_Live\_MGD7095.JPG,NO,C:\PROYECTOS\Atlas\HaroldoHorta\vivevolandonomade\Para web Santiago\Reportajes
_MGD7096.JPG,LIVE,C:\Users\santi\OneDrive - Bicicultura\Haroldo_Live\_MGD7096.JPG,NO,C:\PROYECTOS\Atlas\HaroldoHorta\vivevolandonomade\Para web Santiago\Reportajes
_MGD7097.JPG,LIVE,C:\Users\santi\OneDrive - Bicicultura\Haroldo_Live\_MGD7097.JPG,NO,C:\PROYECTOS\Atlas\HaroldoHorta\vivevolandonomade\Para web Santiago\Reportajes
_MGD7098.JPG,LIVE,C:\Users\santi\OneDrive - Bicicultura\Haroldo_Live\_MGD7098.JPG,NO,C:\PROYECTOS\Atlas\HaroldoHorta\vivevolandonomade\Para web Santiago\Reportajes
_MGD7099.JPG,LIVE,C:\Users\santi\OneDrive - Bicicultura\Haroldo_Live\_MGD7099.JPG,NO,C:\PROYECTOS\Atlas\HaroldoHorta\vivevolandonomade\Para web Santiago\Reportajes
_MGD7100.JPG,LIVE,C:\Users\santi\OneDrive - Bicicultura\Haroldo_Live\_MGD7100.JPG,NO,C:\PROYECTOS\Atlas\HaroldoHorta\vivevolandonomade\Para web Santiago\Reportajes
_MGD7101.JPG,LIVE,C:\Users\santi\OneDrive - Bicicultura\Haroldo_Live\_MGD7101.JPG,NO,C:\PROYECTOS\Atlas\HaroldoHorta\vivevolandonomade\Para web Santiago\Reportajes
_MGD7102.JPG,LIVE,C:\Users\santi\OneDrive - Bicicultura\Haroldo_Live\_MGD7102.JPG,NO,C:\PROYECTOS\Atlas\HaroldoHorta\vivevolandonomade\Para web Santiago\Reportajes
_MGD7103.JPG,LIVE,C:\Users\santi\OneDrive - Bicicultura\Haroldo_Live\_MGD7103.JPG,NO,C:\PROYECTOS\Atlas\HaroldoHorta\vivevolandonomade\Para web Santiago\Reportajes
_MGD7104.JPG,LIVE,C:\Users\santi\OneDrive - Bicicultura\Haroldo_Live\_MGD7104.JPG,NO,C:\PROYECTOS\Atlas\HaroldoHorta\vivevolandonomade\Para web Santiago\Reportajes
_MGD7105.JPG,LIVE,C:\Users\santi\OneDrive - Bicicultura\Haroldo_Live\_MGD7105.JPG,NO,C:\PROYECTOS\Atlas\HaroldoHorta\vivevolandonomade\Para web Santiago\Reportajes
_MGD7106.JPG,LIVE,C:\Users\santi\OneDrive - Bicicultura\Haroldo_Live\_MGD7106.JPG,NO,C:\PROYECTOS\Atlas\HaroldoHorta\vivevolandonomade\Para web Santiago\Reportajes
_MGD7107.JPG,LIVE,C:\Users\santi\OneDrive - Bicicultura\Haroldo_Live\_MGD7107.JPG,NO,C:\PROYECTOS\Atlas\HaroldoHorta\vivevolandonomade\Para web Santiago\Reportajes
_MGD7108.JPG,LIVE,C:\Users\santi\OneDrive - Bicicultura\Haroldo_Live\_MGD7108.JPG,NO,C:\PROYECTOS\Atlas\HaroldoHorta\vivevolandonomade\Para web Santiago\Reportajes
_MGD7109.JPG,LIVE,C:\Users\santi\OneDrive - Bicicultura\Haroldo_Live\_MGD7109.JPG,NO,C:\PROYECTOS\Atlas\HaroldoHorta\vivevolandonomade\Para web Santiago\Reportajes
_MGD7110.JPG,LIVE,C:\Users\santi\OneDrive - Bicicultura\Haroldo_Live\_MGD7110.JPG,NO,C:\PROYECTOS\Atlas\HaroldoHorta\vivevolandonomade\Para web Santiago\Reportajes
_MGD7111.JPG,LIVE,C:\Users\santi\OneDrive - Bicicultura\Haroldo_Live\_MGD7111.JPG,NO,C:\PROYECTOS\Atlas\HaroldoHorta\vivevolandonomade\Para web Santiago\Reportajes
_MGD7112.JPG,LIVE,C:\Users\santi\OneDrive - Bicicultura\Haroldo_Live\_MGD7112.JPG,NO,C:\PROYECTOS\Atlas\HaroldoHorta\vivevolandonomade\Para web Santiago\Reportajes
_MGD7113.JPG,LIVE,C:\Users\santi\OneDrive - Bicicultura\Haroldo_Live\_MGD7113.JPG,NO,C:\PROYECTOS\Atlas\HaroldoHorta\vivevolandonomade\Para web Santiago\Reportajes
_MGD7114.JPG,LIVE,C:\Users\santi\OneDrive - Bicicultura\Haroldo_Live\_MGD7114.JPG,NO,C:\PROYECTOS\Atlas\HaroldoHorta\vivevolandonomade\Para web Santiago\Reportajes
_MGD7115.JPG,LIVE,C:\Users\santi\OneDrive - Bicicultura\Haroldo_Live\_MGD7115.JPG,NO,C:\PROYECTOS\Atlas\HaroldoHorta\vivevolandonomade\Para web Santiago\Reportajes
_MGD7116.JPG,LIVE,C:\Users\santi\OneDrive - Bicicultura\Haroldo_Live\_MGD7116.JPG,NO,C:\PROYECTOS\Atlas\HaroldoHorta\vivevolandonomade\Para web Santiago\Reportajes
_MGD7117.JPG,LIVE,C:\Users\santi\OneDrive - Bicicultura\Haroldo_Live\_MGD7117.JPG,NO,C:\PROYECTOS\Atlas\HaroldoHorta\vivevolandonomade\Para web Santiago\Reportajes
_MGD7118.JPG,LIVE,C:\Users\santi\OneDrive - Bicicultura\Haroldo_Live\_MGD7118.JPG,NO,C:\PROYECTOS\Atlas\HaroldoHorta\vivevolandonomade\Para web Santiago\Reportajes
_MGD7119.JPG,LIVE,C:\Users\santi\OneDrive - Bicicultura\Haroldo_Live\_MGD7119.JPG,NO,C:\PROYECTOS\Atlas\HaroldoHorta\vivevolandonomade\Para web Santiago\Reportajes
_MGD7120.JPG,LIVE,C:\Users\santi\OneDrive - Bicicultura\Haroldo_Live\_MGD7120.JPG,NO,C:\PROYECTOS\Atlas\HaroldoHorta\vivevolandonomade\Para web Santiago\Reportajes
_MGD7121.JPG,LIVE,C:\Users\santi\OneDrive - Bicicultura\Haroldo_Live\_MGD7121.JPG,NO,C:\PROYECTOS\Atlas\HaroldoHorta\vivevolandonomade\Para web Santiago\Reportajes
_MGD7122.JPG,LIVE,C:\Users\santi\OneDrive - Bicicultura\Haroldo_Live\_MGD7122.JPG,NO,C:\PROYECTOS\Atlas\HaroldoHorta\vivevolandonomade\Para web Santiago\Reportajes
_MGD7123.JPG,LIVE,C:\Users\santi\OneDrive - Bicicultura\Haroldo_Live\_MGD7123.JPG,NO,C:\PROYECTOS\Atlas\HaroldoHorta\vivevolandonomade\Para web Santiago\Reportajes
_MGD7124.JPG,LIVE,C:\Users\santi\OneDrive - Bicicultura\Haroldo_Live\_MGD7124.JPG,NO,C:\PROYECTOS\Atlas\HaroldoHorta\vivevolandonomade\Para web Santiago\Reportajes
_MGD7125.JPG,LIVE,C:\Users\santi\OneDrive - Bicicultura\Haroldo_Live\_MGD7125.JPG,NO,C:\PROYECTOS\Atlas\HaroldoHorta\vivevolandonomade\Para web Santiago\Reportajes
_MGD7126.JPG,LIVE,C:\Users\santi\OneDrive - Bicicultura\Haroldo_Live\_MGD7126.JPG,NO,C:\PROYECTOS\Atlas\HaroldoHorta\vivevolandonomade\Para web Santiago\Reportajes
_MGD7127.JPG,LIVE,C:\Users\santi\OneDrive - Bicicultura\Haroldo_Live\_MGD7127.JPG,NO,C:\PROYECTOS\Atlas\HaroldoHorta\vivevolandonomade\Para web Santiago\Reportajes
_MGD7128.JPG,LIVE,C:\Users\santi\OneDrive - Bicicultura\Haroldo_Live\_MGD7128.JPG,NO,C:\PROYECTOS\Atlas\HaroldoHorta\vivevolandonomade\Para web Santiago\Reportajes
_MGD7129.JPG,LIVE,C:\Users\santi\OneDrive - Bicicultura\Haroldo_Live\_MGD7129.JPG,NO,C:\PROYECTOS\Atlas\HaroldoHorta\vivevolandonomade\Para web Santiago\Reportajes
_MGD7130.JPG,LIVE,C:\Users\santi\OneDrive - Bicicultura\Haroldo_Live\_MGD7130.JPG,NO,C:\PROYECTOS\Atlas\HaroldoHorta\vivevolandonomade\Para web Santiago\Reportajes
_MGD7131.JPG,LIVE,C:\Users\santi\OneDrive - Bicicultura\Haroldo_Live\_MGD7131.JPG,NO,C:\PROYECTOS\Atlas\HaroldoHorta\vivevolandonomade\Para web Santiago\Reportajes
_MGD7132.JPG,LIVE,C:\Users\santi\OneDrive - Bicicultura\Haroldo_Live\_MGD7132.JPG,NO,C:\PROYECTOS\Atlas\HaroldoHorta\vivevolandonomade\Para web Santiago\Reportajes
_MGD7133.JPG,LIVE,C:\Users\santi\OneDrive - Bicicultura\Haroldo_Live\_MGD7133.JPG,NO,C:\PROYECTOS\Atlas\HaroldoHorta\vivevolandonomade\Para web Santiago\Reportajes
_MGD7134.JPG,LIVE,C:\Users\santi\OneDrive - Bicicultura\Haroldo_Live\_MGD7134.JPG,NO,C:\PROYECTOS\Atlas\HaroldoHorta\vivevolandonomade\Para web Santiago\Reportajes
_MGD7135.JPG,LIVE,C:\Users\santi\OneDrive - Bicicultura\Haroldo_Live\_MGD7135.JPG,NO,C:\PROYECTOS\Atlas\HaroldoHorta\vivevolandonomade\Para web Santiago\Reportajes
_MGD7136.JPG,LIVE,C:\Users\santi\OneDrive - Bicicultura\Haroldo_Live\_MGD7136.JPG,NO,C:\PROYECTOS\Atlas\HaroldoHorta\vivevolandonomade\Para web Santiago\Reportajes
_MGD7137.JPG,LIVE,C:\Users\santi\OneDrive - Bicicultura\Haroldo_Live\_MGD7137.JPG,NO,C:\PROYECTOS\Atlas\HaroldoHorta\vivevolandonomade\Para web Santiago\Reportajes
_MGD7138.JPG,LIVE,C:\Users\santi\OneDrive - Bicicultura\Haroldo_Live\_MGD7138.JPG,NO,C:\PROYECTOS\Atlas\HaroldoHorta\vivevolandonomade\Para web Santiago\Reportajes
_MGD7139.JPG,LIVE,C:\Users\santi\OneDrive - Bicicultura\Haroldo_Live\_MGD7139.JPG,NO,C:\PROYECTOS\Atlas\HaroldoHorta\vivevolandonomade\Para web Santiago\Reportajes
_MGD7140.JPG,LIVE,C:\Users\santi\OneDrive - Bicicultura\Haroldo_Live\_MGD7140.JPG,NO,C:\PROYECTOS\Atlas\HaroldoHorta\vivevolandonomade\Para web Santiago\Reportajes
_MGD7141.JPG,LIVE,C:\Users\santi\OneDrive - Bicicultura\Haroldo_Live\_MGD7141.JPG,NO,C:\PROYECTOS\Atlas\HaroldoHorta\vivevolandonomade\Para web Santiago\Reportajes
_MGD7142.JPG,LIVE,C:\Users\santi\OneDrive - Bicicultura\Haroldo_Live\_MGD7142.JPG,NO,C:\PROYECTOS\Atlas\HaroldoHorta\vivevolandonomade\Para web Santiago\Reportajes
_MGD7143.JPG,LIVE,C:\Users\santi\OneDrive - Bicicultura\Haroldo_Live\_MGD7143.JPG,NO,C:\PROYECTOS\Atlas\HaroldoHorta\vivevolandonomade\Para web Santiago\Reportajes
_MGD7144.JPG,LIVE,C:\Users\santi\OneDrive - Bicicultura\Haroldo_Live\_MGD7144.JPG,NO,C:\PROYECTOS\Atlas\HaroldoHorta\vivevolandonomade\Para web Santiago\Reportajes
_MGD7145.JPG,LIVE,C:\Users\santi\OneDrive - Bicicultura\Haroldo_Live\_MGD7145.JPG,NO,C:\PROYECTOS\Atlas\HaroldoHorta\vivevolandonomade\Para web Santiago\Reportajes
_MGD7146.JPG,LIVE,C:\Users\santi\OneDrive - Bicicultura\Haroldo_Live\_MGD7146.JPG,NO,C:\PROYECTOS\Atlas\HaroldoHorta\vivevolandonomade\Para web Santiago\Reportajes
_MGD7147.JPG,LIVE,C:\Users\santi\OneDrive - Bicicultura\Haroldo_Live\_MGD7147.JPG,NO,C:\PROYECTOS\Atlas\HaroldoHorta\vivevolandonomade\Para web Santiago\Reportajes
_MGD7148.JPG,LIVE,C:\Users\santi\OneDrive - Bicicultura\Haroldo_Live\_MGD7148.JPG,NO,C:\PROYECTOS\Atlas\HaroldoHorta\vivevolandonomade\Para web Santiago\Reportajes
_MGD7149.JPG,LIVE,C:\Users\santi\OneDrive - Bicicultura\Haroldo_Live\_MGD7149.JPG,NO,C:\PROYECTOS\Atlas\HaroldoHorta\vivevolandonomade\Para web Santiago\Reportajes
_MGD7150.JPG,LIVE,C:\Users\santi\OneDrive - Bicicultura\Haroldo_Live\_MGD7150.JPG,NO,C:\PROYECTOS\Atlas\HaroldoHorta\vivevolandonomade\Para web Santiago\Reportajes
_MGD7151.JPG,LIVE,C:\Users\santi\OneDrive - Bicicultura\Haroldo_Live\_MGD7151.JPG,NO,C:\PROYECTOS\Atlas\HaroldoHorta\vivevolandonomade\Para web Santiago\Reportajes
_MGD7152.JPG,LIVE,C:\Users\santi\OneDrive - Bicicultura\Haroldo_Live\_MGD7152.JPG,NO,C:\PROYECTOS\Atlas\HaroldoHorta\vivevolandonomade\Para web Santiago\Reportajes
_MGD7223.JPG,LIVE,C:\Users\santi\OneDrive - Bicicultura\Haroldo_Live\_MGD7223.JPG,NO,C:\PROYECTOS\Atlas\HaroldoHorta\vivevolandonomade\Para web Santiago\Reportajes
_MGD7224.JPG,LIVE,C:\Users\santi\OneDrive - Bicicultura\Haroldo_Live\_MGD7224.JPG,NO,C:\PROYECTOS\Atlas\HaroldoHorta\vivevolandonomade\Para web Santiago\Reportajes
_MGD7225.JPG,LIVE,C:\Users\santi\OneDrive - Bicicultura\Haroldo_Live\_MGD7225.JPG,NO,C:\PROYECTOS\Atlas\HaroldoHorta\vivevolandonomade\Para web Santiago\Reportajes
_MGD7226.JPG,LIVE,C:\Users\santi\OneDrive - Bicicultura\Haroldo_Live\_MGD7226.JPG,NO,C:\PROYECTOS\Atlas\HaroldoHorta\vivevolandonomade\Para web Santiago\Reportajes
_MGD7227.JPG,LIVE,C:\Users\santi\OneDrive - Bicicultura\Haroldo_Live\_MGD7227.JPG,NO,C:\PROYECTOS\Atlas\HaroldoHorta\vivevolandonomade\Para web Santiago\Reportajes
_MGD7228.JPG,LIVE,C:\Users\santi\OneDrive - Bicicultura\Haroldo_Live\_MGD7228.JPG,NO,C:\PROYECTOS\Atlas\HaroldoHorta\vivevolandonomade\Para web Santiago\Reportajes
_MGD7229.JPG,LIVE,C:\Users\santi\OneDrive - Bicicultura\Haroldo_Live\_MGD7229.JPG,NO,C:\PROYECTOS\Atlas\HaroldoHorta\vivevolandonomade\Para web Santiago\Reportajes
_MGD7230.JPG,LIVE,C:\Users\santi\OneDrive - Bicicultura\Haroldo_Live\_MGD7230.JPG,NO,C:\PROYECTOS\Atlas\HaroldoHorta\vivevolandonomade\Para web Santiago\Reportajes
_MGD7231.JPG,LIVE,C:\Users\santi\OneDrive - Bicicultura\Haroldo_Live\_MGD7231.JPG,NO,C:\PROYECTOS\Atlas\HaroldoHorta\vivevolandonomade\Para web Santiago\Reportajes
_MGD7232.JPG,LIVE,C:\Users\santi\OneDrive - Bicicultura\Haroldo_Live\_MGD7232.JPG,NO,C:\PROYECTOS\Atlas\HaroldoHorta\vivevolandonomade\Para web Santiago\Reportajes
_MGD7233.JPG,LIVE,C:\Users\santi\OneDrive - Bicicultura\Haroldo_Live\_MGD7233.JPG,NO,C:\PROYECTOS\Atlas\HaroldoHorta\vivevolandonomade\Para web Santiago\Reportajes
_MGD7234.JPG,LIVE,C:\Users\santi\OneDrive - Bicicultura\Haroldo_Live\_MGD7234.JPG,NO,C:\PROYECTOS\Atlas\HaroldoHorta\vivevolandonomade\Para web Santiago\Reportajes
_MGD7235.JPG,LIVE,C:\Users\santi\OneDrive - Bicicultura\Haroldo_Live\_MGD7235.JPG,NO,C:\PROYECTOS\Atlas\HaroldoHorta\vivevolandonomade\Para web Santiago\Reportajes
_MGD7236.JPG,LIVE,C:\Users\santi\OneDrive - Bicicultura\Haroldo_Live\_MGD7236.JPG,NO,C:\PROYECTOS\Atlas\HaroldoHorta\vivevolandonomade\Para web Santiago\Reportajes
_MGD7237.JPG,LIVE,C:\Users\santi\OneDrive - Bicicultura\Haroldo_Live\_MGD7237.JPG,NO,C:\PROYECTOS\Atlas\HaroldoHorta\vivevolandonomade\Para web Santiago\Reportajes
_MGD7238.JPG,LIVE,C:\Users\santi\OneDrive - Bicicultura\Haroldo_Live\_MGD7238.JPG,NO,C:\PROYECTOS\Atlas\HaroldoHorta\vivevolandonomade\Para web Santiago\Reportajes
_MGD7239.JPG,LIVE,C:\Users\santi\OneDrive - Bicicultura\Haroldo_Live\_MGD7239.JPG,NO,C:\PROYECTOS\Atlas\HaroldoHorta\vivevolandonomade\Para web Santiago\Reportajes
_MGD7240.JPG,LIVE,C:\Users\santi\OneDrive - Bicicultura\Haroldo_Live\_MGD7240.JPG,NO,C:\PROYECTOS\Atlas\HaroldoHorta\vivevolandonomade\Para web Santiago\Reportajes
_MGD7241.JPG,LIVE,C:\Users\santi\OneDrive - Bicicultura\Haroldo_Live\_MGD7241.JPG,NO,C:\PROYECTOS\Atlas\HaroldoHorta\vivevolandonomade\Para web Santiago\Reportajes
_MGD7242.JPG,LIVE,C:\Users\santi\OneDrive - Bicicultura\Haroldo_Live\_MGD7242.JPG,NO,C:\PROYECTOS\Atlas\HaroldoHorta\vivevolandonomade\Para web Santiago\Reportajes
_MGD7243.JPG,LIVE,C:\Users\santi\OneDrive - Bicicultura\Haroldo_Live\_MGD7243.JPG,NO,C:\PROYECTOS\Atlas\HaroldoHorta\vivevolandonomade\Para web Santiago\Reportajes
_MGD7244.JPG,LIVE,C:\Users\santi\OneDrive - Bicicultura\Haroldo_Live\_MGD7244.JPG,NO,C:\PROYECTOS\Atlas\HaroldoHorta\vivevolandonomade\Para web Santiago\Reportajes
_MGD7245.JPG,LIVE,C:\Users\santi\OneDrive - Bicicultura\Haroldo_Live\_MGD7245.JPG,NO,C:\PROYECTOS\Atlas\HaroldoHorta\vivevolandonomade\Para web Santiago\Reportajes
_MGD7246.JPG,LIVE,C:\Users\santi\OneDrive - Bicicultura\Haroldo_Live\_MGD7246.JPG,NO,C:\PROYECTOS\Atlas\HaroldoHorta\vivevolandonomade\Para web Santiago\Reportajes
_MGD7247.JPG,LIVE,C:\Users\santi\OneDrive - Bicicultura\Haroldo_Live\_MGD7247.JPG,NO,C:\PROYECTOS\Atlas\HaroldoHorta\vivevolandonomade\Para web Santiago\Reportajes
_MGD7248.JPG,LIVE,C:\Users\santi\OneDrive - Bicicultura\Haroldo_Live\_MGD7248.JPG,NO,C:\PROYECTOS\Atlas\HaroldoHorta\vivevolandonomade\Para web Santiago\Reportajes
_MGD7249.JPG,LIVE,C:\Users\santi\OneDrive - Bicicultura\Haroldo_Live\_MGD7249.JPG,NO,C:\PROYECTOS\Atlas\HaroldoHorta\vivevolandonomade\Para web Santiago\Reportajes
_MGD7250.JPG,LIVE,C:\Users\santi\OneDrive - Bicicultura\Haroldo_Live\_MGD7250.JPG,NO,C:\PROYECTOS\Atlas\HaroldoHorta\vivevolandonomade\Para web Santiago\Reportajes
_MGD7251.JPG,LIVE,C:\Users\santi\OneDrive - Bicicultura\Haroldo_Live\_MGD7251.JPG,NO,C:\PROYECTOS\Atlas\HaroldoHorta\vivevolandonomade\Para web Santiago\Reportajes
_MGD7252.JPG,LIVE,C:\Users\santi\OneDrive - Bicicultura\Haroldo_Live\_MGD7252.JPG,NO,C:\PROYECTOS\Atlas\HaroldoHorta\vivevolandonomade\Para web Santiago\Reportajes
_MGD7253.JPG,LIVE,C:\Users\santi\OneDrive - Bicicultura\Haroldo_Live\_MGD7253.JPG,NO,C:\PROYECTOS\Atlas\HaroldoHorta\vivevolandonomade\Para web Santiago\Reportajes
_MGD7254.JPG,LIVE,C:\Users\santi\OneDrive - Bicicultura\Haroldo_Live\_MGD7254.JPG,NO,C:\PROYECTOS\Atlas\HaroldoHorta\vivevolandonomade\Para web Santiago\Reportajes
_MGD7255.JPG,LIVE,C:\Users\santi\OneDrive - Bicicultura\Haroldo_Live\_MGD7255.JPG,NO,C:\PROYECTOS\Atlas\HaroldoHorta\vivevolandonomade\Para web Santiago\Reportajes
_MGD7256.JPG,LIVE,C:\Users\santi\OneDrive - Bicicultura\Haroldo_Live\_MGD7256.JPG,NO,C:\PROYECTOS\Atlas\HaroldoHorta\vivevolandonomade\Para web Santiago\Reportajes
_MGD7257.JPG,LIVE,C:\Users\santi\OneDrive - Bicicultura\Haroldo_Live\_MGD7257.JPG,NO,C:\PROYECTOS\Atlas\HaroldoHorta\vivevolandonomade\Para web Santiago\Reportajes
_MGD7258.JPG,LIVE,C:\Users\santi\OneDrive - Bicicultura\Haroldo_Live\_MGD7258.JPG,NO,C:\PROYECTOS\Atlas\HaroldoHorta\vivevolandonomade\Para web Santiago\Reportajes
_MGD7259.JPG,LIVE,C:\Users\santi\OneDrive - Bicicultura\Haroldo_Live\_MGD7259.JPG,NO,C:\PROYECTOS\Atlas\HaroldoHorta\vivevolandonomade\Para web Santiago\Reportajes
_MGD7260.JPG,LIVE,C:\Users\santi\OneDrive - Bicicultura\Haroldo_Live\_MGD7260.JPG,NO,C:\PROYECTOS\Atlas\HaroldoHorta\vivevolandonomade\Para web Santiago\Reportajes
_MGD7261.JPG,LIVE,C:\Users\santi\OneDrive - Bicicultura\Haroldo_Live\_MGD7261.JPG,NO,C:\PROYECTOS\Atlas\HaroldoHorta\vivevolandonomade\Para web Santiago\Reportajes
_MGD7262.JPG,LIVE,C:\Users\santi\OneDrive - Bicicultura\Haroldo_Live\_MGD7262.JPG,NO,C:\PROYECTOS\Atlas\HaroldoHorta\vivevolandonomade\Para web Santiago\Reportajes
_MGD7263.JPG,LIVE,C:\Users\santi\OneDrive - Bicicultura\Haroldo_Live\_MGD7263.JPG,NO,C:\PROYECTOS\Atlas\HaroldoHorta\vivevolandonomade\Para web Santiago\Reportajes
_MGD7264.JPG,LIVE,C:\Users\santi\OneDrive - Bicicultura\Haroldo_Live\_MGD7264.JPG,NO,C:\PROYECTOS\Atlas\HaroldoHorta\vivevolandonomade\Para web Santiago\Reportajes
_MGD7265.JPG,LIVE,C:\Users\santi\OneDrive - Bicicultura\Haroldo_Live\_MGD7265.JPG,NO,C:\PROYECTOS\Atlas\HaroldoHorta\vivevolandonomade\Para web Santiago\Reportajes
_MGD7266.JPG,LIVE,C:\Users\santi\OneDrive - Bicicultura\Haroldo_Live\_MGD7266.JPG,NO,C:\PROYECTOS\Atlas\HaroldoHorta\vivevolandonomade\Para web Santiago\Reportajes
_MGD7267.JPG,LIVE,C:\Users\santi\OneDrive - Bicicultura\Haroldo_Live\_MGD7267.JPG,NO,C:\PROYECTOS\Atlas\HaroldoHorta\vivevolandonomade\Para web Santiago\Reportajes
_MGD7268.JPG,LIVE,C:\Users\santi\OneDrive - Bicicultura\Haroldo_Live\_MGD7268.JPG,NO,C:\PROYECTOS\Atlas\HaroldoHorta\vivevolandonomade\Para web Santiago\Reportajes
_MGD7269.JPG,LIVE,C:\Users\santi\OneDrive - Bicicultura\Haroldo_Live\_MGD7269.JPG,NO,C:\PROYECTOS\Atlas\HaroldoHorta\vivevolandonomade\Para web Santiago\Reportajes
_MGD7270.JPG,LIVE,C:\Users\santi\OneDrive - Bicicultura\Haroldo_Live\_MGD7270.JPG,NO,C:\PROYECTOS\Atlas\HaroldoHorta\vivevolandonomade\Para web Santiago\Reportajes
_MGD7271.JPG,LIVE,C:\Users\santi\OneDrive - Bicicultura\Haroldo_Live\_MGD7271.JPG,NO,C:\PROYECTOS\Atlas\HaroldoHorta\vivevolandonomade\Para web Santiago\Reportajes
_MGD7272.JPG,LIVE,C:\Users\santi\OneDrive - Bicicultura\Haroldo_Live\_MGD7272.JPG,NO,C:\PROYECTOS\Atlas\HaroldoHorta\vivevolandonomade\Para web Santiago\Reportajes
_MGD7273.JPG,LIVE,C:\Users\santi\OneDrive - Bicicultura\Haroldo_Live\_MGD7273.JPG,NO,C:\PROYECTOS\Atlas\HaroldoHorta\vivevolandonomade\Para web Santiago\Reportajes
_MGD7274.JPG,LIVE,C:\Users\santi\OneDrive - Bicicultura\Haroldo_Live\_MGD7274.JPG,NO,C:\PROYECTOS\Atlas\HaroldoHorta\vivevolandonomade\Para web Santiago\Reportajes
_MGD7275.JPG,LIVE,C:\Users\santi\OneDrive - Bicicultura\Haroldo_Live\_MGD7275.JPG,NO,C:\PROYECTOS\Atlas\HaroldoHorta\vivevolandonomade\Para web Santiago\Reportajes
_MGD7276.JPG,LIVE,C:\Users\santi\OneDrive - Bicicultura\Haroldo_Live\_MGD7276.JPG,NO,C:\PROYECTOS\Atlas\HaroldoHorta\vivevolandonomade\Para web Santiago\Reportajes
_MGD7277.JPG,LIVE,C:\Users\santi\OneDrive - Bicicultura\Haroldo_Live\_MGD7277.JPG,NO,C:\PROYECTOS\Atlas\HaroldoHorta\vivevolandonomade\Para web Santiago\Reportajes
_MGD7278.JPG,LIVE,C:\Users\santi\OneDrive - Bicicultura\Haroldo_Live\_MGD7278.JPG,NO,C:\PROYECTOS\Atlas\HaroldoHorta\vivevolandonomade\Para web Santiago\Reportajes
_MGD7279.JPG,LIVE,C:\Users\santi\OneDrive - Bicicultura\Haroldo_Live\_MGD7279.JPG,NO,C:\PROYECTOS\Atlas\HaroldoHorta\vivevolandonomade\Para web Santiago\Reportajes
_MGD7280.JPG,LIVE,C:\Users\santi\OneDrive - Bicicultura\Haroldo_Live\_MGD7280.JPG,NO,C:\PROYECTOS\Atlas\HaroldoHorta\vivevolandonomade\Para web Santiago\Reportajes
_MGD7281.JPG,LIVE,C:\Users\santi\OneDrive - Bicicultura\Haroldo_Live\_MGD7281.JPG,NO,C:\PROYECTOS\Atlas\HaroldoHorta\vivevolandonomade\Para web Santiago\Reportajes
_MGD7282.JPG,LIVE,C:\Users\santi\OneDrive - Bicicultura\Haroldo_Live\_MGD7282.JPG,NO,C:\PROYECTOS\Atlas\HaroldoHorta\vivevolandonomade\Para web Santiago\Reportajes
_MGD7283.JPG,LIVE,C:\Users\santi\OneDrive - Bicicultura\Haroldo_Live\_MGD7283.JPG,NO,C:\PROYECTOS\Atlas\HaroldoHorta\vivevolandonomade\Para web Santiago\Reportajes
_MGD7284.JPG,LIVE,C:\Users\santi\OneDrive - Bicicultura\Haroldo_Live\_MGD7284.JPG,NO,C:\PROYECTOS\Atlas\HaroldoHorta\vivevolandonomade\Para web Santiago\Reportajes
_MGD7285.JPG,LIVE,C:\Users\santi\OneDrive - Bicicultura\Haroldo_Live\_MGD7285.JPG,NO,C:\PROYECTOS\Atlas\HaroldoHorta\vivevolandonomade\Para web Santiago\Reportajes
_MGD7286.JPG,LIVE,C:\Users\santi\OneDrive - Bicicultura\Haroldo_Live\_MGD7286.JPG,NO,C:\PROYECTOS\Atlas\HaroldoHorta\vivevolandonomade\Para web Santiago\Reportajes
_MGD7287.JPG,LIVE,C:\Users\santi\OneDrive - Bicicultura\Haroldo_Live\_MGD7287.JPG,NO,C:\PROYECTOS\Atlas\HaroldoHorta\vivevolandonomade\Para web Santiago\Reportajes
_MGD7288.JPG,LIVE,C:\Users\santi\OneDrive - Bicicultura\Haroldo_Live\_MGD7288.JPG,NO,C:\PROYECTOS\Atlas\HaroldoHorta\vivevolandonomade\Para web Santiago\Reportajes
_MGD7289.JPG,LIVE,C:\Users\santi\OneDrive - Bicicultura\Haroldo_Live\_MGD7289.JPG,NO,C:\PROYECTOS\Atlas\HaroldoHorta\vivevolandonomade\Para web Santiago\Reportajes
_MGD7290.JPG,LIVE,C:\Users\santi\OneDrive - Bicicultura\Haroldo_Live\_MGD7290.JPG,NO,C:\PROYECTOS\Atlas\HaroldoHorta\vivevolandonomade\Para web Santiago\Reportajes
_MGD7291.JPG,LIVE,C:\Users\santi\OneDrive - Bicicultura\Haroldo_Live\_MGD7291.JPG,NO,C:\PROYECTOS\Atlas\HaroldoHorta\vivevolandonomade\Para web Santiago\Reportajes
_MGD7292.JPG,LIVE,C:\Users\santi\OneDrive - Bicicultura\Haroldo_Live\_MGD7292.JPG,NO,C:\PROYECTOS\Atlas\HaroldoHorta\vivevolandonomade\Para web Santiago\Reportajes
_MGD7293.JPG,LIVE,C:\Users\santi\OneDrive - Bicicultura\Haroldo_Live\_MGD7293.JPG,NO,C:\PROYECTOS\Atlas\HaroldoHorta\vivevolandonomade\Para web Santiago\Reportajes
_MGD7294.JPG,LIVE,C:\Users\santi\OneDrive - Bicicultura\Haroldo_Live\_MGD7294.JPG,NO,C:\PROYECTOS\Atlas\HaroldoHorta\vivevolandonomade\Para web Santiago\Reportajes
_MGD7295.JPG,LIVE,C:\Users\santi\OneDrive - Bicicultura\Haroldo_Live\_MGD7295.JPG,NO,C:\PROYECTOS\Atlas\HaroldoHorta\vivevolandonomade\Para web Santiago\Reportajes
_MGD7296.JPG,LIVE,C:\Users\santi\OneDrive - Bicicultura\Haroldo_Live\_MGD7296.JPG,NO,C:\PROYECTOS\Atlas\HaroldoHorta\vivevolandonomade\Para web Santiago\Reportajes
_MGD7297.JPG,LIVE,C:\Users\santi\OneDrive - Bicicultura\Haroldo_Live\_MGD7297.JPG,NO,C:\PROYECTOS\Atlas\HaroldoHorta\vivevolandonomade\Para web Santiago\Reportajes
_MGD7298.JPG,LIVE,C:\Users\santi\OneDrive - Bicicultura\Haroldo_Live\_MGD7298.JPG,NO,C:\PROYECTOS\Atlas\HaroldoHorta\vivevolandonomade\Para web Santiago\Reportajes
_MGD7299.JPG,LIVE,C:\Users\santi\OneDrive - Bicicultura\Haroldo_Live\_MGD7299.JPG,NO,C:\PROYECTOS\Atlas\HaroldoHorta\vivevolandonomade\Para web Santiago\Reportajes
_MGD7300.JPG,LIVE,C:\Users\santi\OneDrive - Bicicultura\Haroldo_Live\_MGD7300.JPG,NO,C:\PROYECTOS\Atlas\HaroldoHorta\vivevolandonomade\Para web Santiago\Reportajes
_MGD7301.JPG,LIVE,C:\Users\santi\OneDrive - Bicicultura\Haroldo_Live\_MGD7301.JPG,NO,C:\PROYECTOS\Atlas\HaroldoHorta\vivevolandonomade\Para web Santiago\Reportajes
_MGD7302.JPG,LIVE,C:\Users\santi\OneDrive - Bicicultura\Haroldo_Live\_MGD7302.JPG,NO,C:\PROYECTOS\Atlas\HaroldoHorta\vivevolandonomade\Para web Santiago\Reportajes
_MGD7303.JPG,LIVE,C:\Users\santi\OneDrive - Bicicultura\Haroldo_Live\_MGD7303.JPG,NO,C:\PROYECTOS\Atlas\HaroldoHorta\vivevolandonomade\Para web Santiago\Reportajes
_MGD7304.JPG,LIVE,C:\Users\santi\OneDrive - Bicicultura\Haroldo_Live\_MGD7304.JPG,NO,C:\PROYECTOS\Atlas\HaroldoHorta\vivevolandonomade\Para web Santiago\Reportajes
_MGD7305.JPG,LIVE,C:\Users\santi\OneDrive - Bicicultura\Haroldo_Live\_MGD7305.JPG,NO,C:\PROYECTOS\Atlas\HaroldoHorta\vivevolandonomade\Para web Santiago\Reportajes
_MGD7306.JPG,LIVE,C:\Users\santi\OneDrive - Bicicultura\Haroldo_Live\_MGD7306.JPG,NO,C:\PROYECTOS\Atlas\HaroldoHorta\vivevolandonomade\Para web Santiago\Reportajes
_MGD7307.JPG,LIVE,C:\Users\santi\OneDrive - Bicicultura\Haroldo_Live\_MGD7307.JPG,NO,C:\PROYECTOS\Atlas\HaroldoHorta\vivevolandonomade\Para web Santiago\Reportajes
_MGD7308.JPG,LIVE,C:\Users\santi\OneDrive - Bicicultura\Haroldo_Live\_MGD7308.JPG,NO,C:\PROYECTOS\Atlas\HaroldoHorta\vivevolandonomade\Para web Santiago\Reportajes
_MGD7309.JPG,LIVE,C:\Users\santi\OneDrive - Bicicultura\Haroldo_Live\_MGD7309.JPG,NO,C:\PROYECTOS\Atlas\HaroldoHorta\vivevolandonomade\Para web Santiago\Reportajes
_MGD7310.JPG,LIVE,C:\Users\santi\OneDrive - Bicicultura\Haroldo_Live\_MGD7310.JPG,NO,C:\PROYECTOS\Atlas\HaroldoHorta\vivevolandonomade\Para web Santiago\Reportajes
_MGD7311.JPG,LIVE,C:\Users\santi\OneDrive - Bicicultura\Haroldo_Live\_MGD7311.JPG,NO,C:\PROYECTOS\Atlas\HaroldoHorta\vivevolandonomade\Para web Santiago\Reportajes
_MGD7312.JPG,LIVE,C:\Users\santi\OneDrive - Bicicultura\Haroldo_Live\_MGD7312.JPG,NO,C:\PROYECTOS\Atlas\HaroldoHorta\vivevolandonomade\Para web Santiago\Reportajes
AtacamaSelección HHT0208.jpg,LIVE,C:\Users\santi\OneDrive - Bicicultura\Haroldo_Live\AtacamaSelección HHT0208.jpg,NO,C:\PROYECTOS\Atlas\HaroldoHorta\vivevolandonomade\Para web Santiago\Seleccion\Aereas
DSC_4425-Editar.jpg,LIVE,C:\Users\santi\OneDrive - Bicicultura\Haroldo_Live\DSC_4425-Editar.jpg,NO,C:\PROYECTOS\Atlas\HaroldoHorta\vivevolandonomade\Para web Santiago\Seleccion\Aereas
DSC_5027 copia-Editar.jpg,LIVE,C:\Users\santi\OneDrive - Bicicultura\Haroldo_Live\DSC_5027 copia-Editar.jpg,NO,C:\PROYECTOS\Atlas\HaroldoHorta\vivevolandonomade\Para web Santiago\Seleccion\Aereas
DSC_7086.jpg,LIVE,C:\Users\santi\OneDrive - Bicicultura\Haroldo_Live\DSC_7086.JPG,NO,C:\PROYECTOS\Atlas\HaroldoHorta\vivevolandonomade\Para web Santiago\Seleccion\Aereas
DSC_7106.jpg,LIVE,C:\Users\santi\OneDrive - Bicicultura\Haroldo_Live\DSC_7106.JPG,NO,C:\PROYECTOS\Atlas\HaroldoHorta\vivevolandonomade\Para web Santiago\Seleccion\Aereas
IMG_0092.jpg,LIVE,C:\Users\santi\OneDrive - Bicicultura\Haroldo_Live\IMG_0092.jpg,NO,C:\PROYECTOS\Atlas\HaroldoHorta\vivevolandonomade\Para web Santiago\Seleccion\Aereas
IMG_0630.jpg,LIVE,C:\Users\santi\OneDrive - Bicicultura\Haroldo_Live\IMG_0630.jpg,NO,C:\PROYECTOS\Atlas\HaroldoHorta\vivevolandonomade\Para web Santiago\Seleccion\Aereas
IMG_0641.jpg,LIVE,C:\Users\santi\OneDrive - Bicicultura\Haroldo_Live\IMG_0641.jpg,NO,C:\PROYECTOS\Atlas\HaroldoHorta\vivevolandonomade\Para web Santiago\Seleccion\Aereas
IMG_0797.jpg,LIVE,C:\Users\santi\OneDrive - Bicicultura\Haroldo_Live\IMG_0797.JPG,NO,C:\PROYECTOS\Atlas\HaroldoHorta\vivevolandonomade\Para web Santiago\Seleccion\Aereas
IMG_1118.jpg,LIVE,C:\Users\santi\OneDrive - Bicicultura\Haroldo_Live\IMG_1118.JPG,NO,C:\PROYECTOS\Atlas\HaroldoHorta\vivevolandonomade\Para web Santiago\Seleccion\Aereas
IMG_1204.jpg,LIVE,C:\Users\santi\OneDrive - Bicicultura\Haroldo_Live\IMG_1204.JPG,NO,C:\PROYECTOS\Atlas\HaroldoHorta\vivevolandonomade\Para web Santiago\Seleccion\Aereas
IMG_1208.jpg,LIVE,C:\Users\santi\OneDrive - Bicicultura\Haroldo_Live\IMG_1208.JPG,NO,C:\PROYECTOS\Atlas\HaroldoHorta\vivevolandonomade\Para web Santiago\Seleccion\Aereas
IMG_1242.jpg,LIVE,C:\Users\santi\OneDrive - Bicicultura\Haroldo_Live\IMG_1242.JPG,NO,C:\PROYECTOS\Atlas\HaroldoHorta\vivevolandonomade\Para web Santiago\Seleccion\Aereas
IMG_1244.jpg,LIVE,C:\Users\santi\OneDrive - Bicicultura\Haroldo_Live\IMG_1244.JPG,NO,C:\PROYECTOS\Atlas\HaroldoHorta\vivevolandonomade\Para web Santiago\Seleccion\Aereas
_DSC0229.jpg,LIVE,C:\Users\santi\OneDrive - Bicicultura\Haroldo_Live\_DSC0229.JPG,NO,C:\PROYECTOS\Atlas\HaroldoHorta\vivevolandonomade\Para web Santiago\Seleccion\Aereas
_DSC0294.jpg,LIVE,C:\Users\santi\OneDrive - Bicicultura\Haroldo_Live\_DSC0294.JPG,NO,C:\PROYECTOS\Atlas\HaroldoHorta\vivevolandonomade\Para web Santiago\Seleccion\Aereas
_DSC0301.jpg,LIVE,C:\Users\santi\OneDrive - Bicicultura\Haroldo_Live\_DSC0301.jpg,NO,C:\PROYECTOS\Atlas\HaroldoHorta\vivevolandonomade\Para web Santiago\Seleccion\Aereas
_DSC0331.jpg,LIVE,C:\Users\santi\OneDrive - Bicicultura\Haroldo_Live\_DSC0331.JPG,NO,C:\PROYECTOS\Atlas\HaroldoHorta\vivevolandonomade\Para web Santiago\Seleccion\Aereas
_DSC0380.jpg,LIVE,C:\Users\santi\OneDrive - Bicicultura\Haroldo_Live\_DSC0380.jpg,NO,C:\PROYECTOS\Atlas\HaroldoHorta\vivevolandonomade\Para web Santiago\Seleccion\Aereas
_DSC0521.jpg,LIVE,C:\Users\santi\OneDrive - Bicicultura\Haroldo_Live\_DSC0521.jpg,NO,C:\PROYECTOS\Atlas\HaroldoHorta\vivevolandonomade\Para web Santiago\Seleccion\Aereas
_HHT0210.jpg,LIVE,C:\Users\santi\OneDrive - Bicicultura\Haroldo_Live\_HHT0210.jpg,NO,C:\PROYECTOS\Atlas\HaroldoHorta\vivevolandonomade\Para web Santiago\Seleccion\Aereas
_HHT0378.jpg,LIVE,C:\Users\santi\OneDrive - Bicicultura\Haroldo_Live\_HHT0378.jpg,NO,C:\PROYECTOS\Atlas\HaroldoHorta\vivevolandonomade\Para web Santiago\Seleccion\Aereas
_HHT1380.jpg,LIVE,C:\Users\santi\OneDrive - Bicicultura\Haroldo_Live\_HHT1380.JPG,NO,C:\PROYECTOS\Atlas\HaroldoHorta\vivevolandonomade\Para web Santiago\Seleccion\Aereas
_HHT2182.jpg,LIVE,C:\Users\santi\OneDrive - Bicicultura\Haroldo_Live\_HHT2182.jpg,NO,C:\PROYECTOS\Atlas\HaroldoHorta\vivevolandonomade\Para web Santiago\Seleccion\Aereas
_HHT2263.jpg,LIVE,C:\Users\santi\OneDrive - Bicicultura\Haroldo_Live\_HHT2263.jpg,NO,C:\PROYECTOS\Atlas\HaroldoHorta\vivevolandonomade\Para web Santiago\Seleccion\Aereas
_HHT2487.jpg,LIVE,C:\Users\santi\OneDrive - Bicicultura\Haroldo_Live\_HHT2487.jpg,NO,C:\PROYECTOS\Atlas\HaroldoHorta\vivevolandonomade\Para web Santiago\Seleccion\Aereas
_HHT2659.jpg,LIVE,C:\Users\santi\OneDrive - Bicicultura\Haroldo_Live\_HHT2659.JPG,NO,C:\PROYECTOS\Atlas\HaroldoHorta\vivevolandonomade\Para web Santiago\Seleccion\Aereas
_HHT4791.jpg,LIVE,C:\Users\santi\OneDrive - Bicicultura\Haroldo_Live\_HHT4791.JPG,NO,C:\PROYECTOS\Atlas\HaroldoHorta\vivevolandonomade\Para web Santiago\Seleccion\Aereas
_HHT5075.jpg,LIVE,C:\Users\santi\OneDrive - Bicicultura\Haroldo_Live\_HHT5075.JPG,NO,C:\PROYECTOS\Atlas\HaroldoHorta\vivevolandonomade\Para web Santiago\Seleccion\Aereas
_HHT6822.jpg,LIVE,C:\Users\santi\OneDrive - Bicicultura\Haroldo_Live\_HHT6822.JPG,NO,C:\PROYECTOS\Atlas\HaroldoHorta\vivevolandonomade\Para web Santiago\Seleccion\Aereas
_HHT7034.jpg,LIVE,C:\Users\santi\OneDrive - Bicicultura\Haroldo_Live\_HHT7034.JPG,NO,C:\PROYECTOS\Atlas\HaroldoHorta\vivevolandonomade\Para web Santiago\Seleccion\Aereas
_HHT7036.jpg,LIVE,C:\Users\santi\OneDrive - Bicicultura\Haroldo_Live\_HHT7036.JPG,NO,C:\PROYECTOS\Atlas\HaroldoHorta\vivevolandonomade\Para web Santiago\Seleccion\Aereas
_HHT7047.jpg,LIVE,C:\Users\santi\OneDrive - Bicicultura\Haroldo_Live\_HHT7047.JPG,NO,C:\PROYECTOS\Atlas\HaroldoHorta\vivevolandonomade\Para web Santiago\Seleccion\Aereas
_HHT7052.jpg,LIVE,C:\Users\santi\OneDrive - Bicicultura\Haroldo_Live\_HHT7052.JPG,NO,C:\PROYECTOS\Atlas\HaroldoHorta\vivevolandonomade\Para web Santiago\Seleccion\Aereas
_HHT7076.jpg,LIVE,C:\Users\santi\OneDrive - Bicicultura\Haroldo_Live\_HHT7076.JPG,NO,C:\PROYECTOS\Atlas\HaroldoHorta\vivevolandonomade\Para web Santiago\Seleccion\Aereas
_HHT7226.jpg,LIVE,C:\Users\santi\OneDrive - Bicicultura\Haroldo_Live\_HHT7226.JPG,NO,C:\PROYECTOS\Atlas\HaroldoHorta\vivevolandonomade\Para web Santiago\Seleccion\Aereas
_HHT7422.jpg,LIVE,C:\Users\santi\OneDrive - Bicicultura\Haroldo_Live\_HHT7422.JPG,NO,C:\PROYECTOS\Atlas\HaroldoHorta\vivevolandonomade\Para web Santiago\Seleccion\Aereas
_HHT7439.jpg,LIVE,C:\Users\santi\OneDrive - Bicicultura\Haroldo_Live\_HHT7439.JPG,NO,C:\PROYECTOS\Atlas\HaroldoHorta\vivevolandonomade\Para web Santiago\Seleccion\Aereas
_HHT8173.jpg,LIVE,C:\Users\santi\OneDrive - Bicicultura\Haroldo_Live\_HHT8173.jpg,NO,C:\PROYECTOS\Atlas\HaroldoHorta\vivevolandonomade\Para web Santiago\Seleccion\Aereas
_HHT8765.jpg,LIVE,C:\Users\santi\OneDrive - Bicicultura\Haroldo_Live\_HHT8765.JPG,NO,C:\PROYECTOS\Atlas\HaroldoHorta\vivevolandonomade\Para web Santiago\Seleccion\Aereas
_HHT8781.jpg,LIVE,C:\Users\santi\OneDrive - Bicicultura\Haroldo_Live\_HHT8781.JPG,NO,C:\PROYECTOS\Atlas\HaroldoHorta\vivevolandonomade\Para web Santiago\Seleccion\Aereas
_HHT8856.jpg,LIVE,C:\Users\santi\OneDrive - Bicicultura\Haroldo_Live\_HHT8856.JPG,NO,C:\PROYECTOS\Atlas\HaroldoHorta\vivevolandonomade\Para web Santiago\Seleccion\Aereas
_HHT9232.jpg,LIVE,C:\Users\santi\OneDrive - Bicicultura\Haroldo_Live\_HHT9232.jpg,NO,C:\PROYECTOS\Atlas\HaroldoHorta\vivevolandonomade\Para web Santiago\Seleccion\Aereas
_HHT9289.jpg,LIVE,C:\Users\santi\OneDrive - Bicicultura\Haroldo_Live\_HHT9289.jpg,NO,C:\PROYECTOS\Atlas\HaroldoHorta\vivevolandonomade\Para web Santiago\Seleccion\Aereas
_HHT9318.jpg,LIVE,C:\Users\santi\OneDrive - Bicicultura\Haroldo_Live\_HHT9318.jpg,NO,C:\PROYECTOS\Atlas\HaroldoHorta\vivevolandonomade\Para web Santiago\Seleccion\Aereas
DSC_7496.jpg,LIVE,C:\Users\santi\OneDrive - Bicicultura\Haroldo_Live\DSC_7496.jpg,NO,C:\PROYECTOS\Atlas\HaroldoHorta\vivevolandonomade\Para web Santiago\Seleccion\Aves
DSC_7630.jpg,LIVE,C:\Users\santi\OneDrive - Bicicultura\Haroldo_Live\DSC_7630.jpg,NO,C:\PROYECTOS\Atlas\HaroldoHorta\vivevolandonomade\Para web Santiago\Seleccion\Aves
_HHT4639.jpg,LIVE,C:\Users\santi\OneDrive - Bicicultura\Haroldo_Live\_HHT4639.JPG,NO,C:\PROYECTOS\Atlas\HaroldoHorta\vivevolandonomade\Para web Santiago\Seleccion\Aves
_HHT4698.jpg,LIVE,C:\Users\santi\OneDrive - Bicicultura\Haroldo_Live\_HHT4698.JPG,NO,C:\PROYECTOS\Atlas\HaroldoHorta\vivevolandonomade\Para web Santiago\Seleccion\Aves
_HHT4708.jpg,LIVE,C:\Users\santi\OneDrive - Bicicultura\Haroldo_Live\_HHT4708.JPG,NO,C:\PROYECTOS\Atlas\HaroldoHorta\vivevolandonomade\Para web Santiago\Seleccion\Aves
_HHT9526.jpg,LIVE,C:\Users\santi\OneDrive - Bicicultura\Haroldo_Live\_HHT9526.jpg,NO,C:\PROYECTOS\Atlas\HaroldoHorta\vivevolandonomade\Para web Santiago\Seleccion\Aves
